occupation_code,occupation_title,anzsco_level,employed,female_share_pct,part_time_share_pct,median_age,median_weekly_earnings,annual_employment_growth,postgrad_share_pct,bachelor_share_pct,diploma_share_pct,certificate_share_pct,year12_share_pct,year11_share_pct,year10_or_below_share_pct
1111,Chief Executives and Managing Directors,4,63000.0,31.0,15.0,50.0,,3400.0,25.3,31.5,11.8,11.8,10.2,1.9,4.2
1112,General Managers,4,69300.0,33.0,9.0,48.0,,-400.0,23.6,30.0,15.2,11.6,11.0,2.0,3.6
1113,Legislators,4,2700.0,57.0,24.0,54.0,,-200.0,24.2,32.5,10.9,9.5,9.4,2.5,5.9
1211,Aquaculture Farmers,4,1900.0,15.0,27.0,47.0,,0.0,5.0,15.6,8.5,20.7,14.9,5.8,21.7
1212,Crop Farmers,4,34700.0,19.0,22.0,52.0,,-600.0,3.3,11.3,9.2,18.2,18.1,6.9,26.1
1213,Livestock Farmers,4,72400.0,32.0,26.0,60.0,,-4000.0,3.2,11.4,10.5,19.6,14.3,6.9,27.7
1214,Mixed Crop and Livestock Farmers,4,28300.0,24.0,17.0,56.0,,500.0,2.0,11.0,10.2,20.1,18.7,8.4,23.6
1311,"Advertising, Public Relations and Sales Manager",4,167100.0,44.0,10.0,42.0,2677.0,2400.0,16.7,37.9,13.2,10.1,13.2,2.2,3.4
1321,Corporate Services Managers,4,23000.0,66.0,17.0,48.0,2932.0,400.0,20.1,28.6,16.3,12.4,11.7,2.8,4.6
1322,Finance Managers,4,77900.0,53.0,12.0,45.0,2904.0,2100.0,26.8,47.8,9.3,4.3,6.2,1.3,1.9
1323,Human Resource Managers,4,95300.0,59.0,11.0,44.0,2768.0,1000.0,24.8,34.0,18.2,9.2,8.0,1.3,2.0
1324,Policy and Planning Managers,4,41900.0,60.0,11.0,45.0,2945.0,2800.0,39.8,37.3,9.6,5.0,5.1,0.6,0.9
1325,Research and Development Managers,4,20500.0,54.0,13.0,48.0,2887.0,1100.0,47.5,35.6,6.6,3.8,3.7,0.5,0.7
1331,Construction Managers,4,134300.0,11.0,7.0,42.0,3751.0,2700.0,7.3,22.2,14.3,38.8,7.6,1.8,4.4
1332,Engineering Managers,4,33500.0,18.0,4.0,45.0,3519.0,1100.0,26.6,45.6,11.3,10.8,2.7,0.5,0.8
1333,"Importers, Exporters and Wholesalers",4,17700.0,23.0,22.0,52.0,1846.0,-700.0,8.4,20.4,11.8,15.6,22.9,4.9,11.4
1334,Manufacturers,4,19400.0,23.0,26.0,45.0,,-2000.0,4.4,12.7,9.5,26.3,20.8,6.1,15.1
1335,Production Managers,4,64700.0,16.0,4.0,47.0,2298.0,700.0,9.8,20.2,14.5,26.4,13.3,3.6,8.5
1336,"Supply, Distribution and Procurement Managers",4,56700.0,24.0,7.0,45.0,2834.0,2500.0,14.8,23.6,15.5,14.7,16.2,3.7,7.7
1341,Child Care Centre Managers,4,17200.0,95.0,19.0,43.0,1983.0,-400.0,21.6,27.5,38.4,5.6,3.9,0.3,0.9
1342,Health and Welfare Services Managers,4,51200.0,66.0,17.0,47.0,2720.0,4500.0,28.5,33.7,17.0,10.3,5.2,0.8,1.9
1343,School Principals,4,30000.0,66.0,7.0,50.0,,900.0,43.9,52.6,2.5,0.2,0.2,0.0,0.1
1344,Other Education Managers,4,16200.0,58.0,16.0,47.0,2724.0,600.0,52.0,29.3,9.2,4.0,2.8,0.5,0.6
1351,ICT Managers,4,95800.0,25.0,6.0,45.0,3310.0,4100.0,26.0,42.3,12.2,5.4,8.8,0.9,1.1
1391,Commissioned Officers (Management),4,4400.0,9.0,6.0,46.0,3542.0,0.0,25.2,25.7,16.4,10.5,18.0,0.8,1.0
1392,Senior Non-Commissioned Defence Force Officers,4,4000.0,16.0,10.0,44.0,,,3.8,6.7,35.7,25.3,16.5,4.1,5.2
1399,Other Specialist Managers,4,72200.0,43.0,11.0,45.0,2845.0,1600.0,23.4,34.1,14.5,11.9,8.4,1.5,3.1
1411,Cafe and Restaurant Managers,4,63700.0,50.0,23.0,38.0,1644.0,-400.0,7.2,20.6,16.3,16.8,22.0,3.7,8.4
1412,Caravan Park and Camping Ground Managers,4,3200.0,48.0,15.0,51.0,1519.0,200.0,3.4,9.9,13.1,27.3,13.8,6.8,20.1
1413,Hotel and Motel Managers,4,18500.0,39.0,18.0,44.0,1827.0,-200.0,6.1,17.9,15.8,17.6,21.7,5.1,11.2
1414,Licensed Club Managers,4,7800.0,37.0,17.0,56.0,1765.0,400.0,2.3,13.2,20.7,21.1,22.6,5.5,10.5
1419,Other Accommodation and Hospitality Managers,4,8300.0,61.0,46.0,54.0,1923.0,-400.0,9.6,21.8,19.1,16.8,13.3,4.3,8.6
1421,Retail Managers,4,247500.0,48.0,18.0,42.0,1620.0,300.0,6.3,16.4,13.1,17.8,25.4,5.2,11.0
1491,"Amusement, Fitness and Sports Centre Managers",4,20300.0,48.0,23.0,38.0,1538.0,900.0,5.5,23.7,16.2,23.2,19.3,2.8,4.5
1492,"Call, Contact Centre and Customer Service Managers",4,38500.0,43.0,8.0,42.0,2206.0,-700.0,9.9,21.6,16.4,24.5,15.7,3.0,5.1
1493,Conference and Event Organisers,4,31200.0,72.0,25.0,38.0,1634.0,100.0,8.7,37.1,20.2,10.1,15.3,2.0,3.3
1494,Transport Services Managers,4,23400.0,22.0,11.0,47.0,2652.0,2200.0,6.0,11.8,11.8,25.5,16.9,5.4,17.9
1499,"Other Hospitality, Retail and Service Managers",4,91200.0,39.0,15.0,46.0,2115.0,-200.0,9.1,19.4,16.1,24.8,15.4,3.4,7.3
2111,"Actors, Dancers and Other Entertainers",4,8400.0,54.0,59.0,33.0,1692.0,500.0,7.3,29.3,14.9,11.3,23.5,3.4,6.2
2112,Music Professionals,4,11900.0,46.0,58.0,45.0,1766.0,200.0,17.8,35.1,10.5,6.6,20.3,2.7,4.3
2113,Photographers,4,14200.0,54.0,47.0,35.0,1840.0,-200.0,6.5,31.3,20.8,11.8,18.6,2.8,3.6
2114,Visual Arts and Crafts Professionals,4,15300.0,59.0,40.0,56.0,2081.0,1300.0,12.6,32.7,15.6,10.8,12.9,3.4,6.7
2121,"Artistic Directors, Media Producers and Presenters",4,13800.0,35.0,13.0,40.0,2179.0,200.0,11.2,45.0,12.8,5.5,17.1,2.1,2.6
2122,"Authors, and Book and Script Editors",4,6800.0,69.0,38.0,53.0,,300.0,34.3,42.1,7.4,3.1,8.2,0.9,1.6
2123,"Film, Television, Radio and Stage Directors",4,17400.0,28.0,22.0,35.0,1975.0,800.0,10.9,44.2,14.5,6.8,16.1,2.0,2.4
2124,Journalists and Other Writers,4,23000.0,65.0,18.0,40.0,1722.0,-300.0,21.5,52.8,7.0,3.9,10.1,0.7,1.1
2211,Accountants,4,215500.0,54.0,16.0,42.0,2003.0,5800.0,29.1,56.4,5.9,1.9,3.8,0.3,0.6
2212,"Auditors, Company Secretaries and Corporate Treasurers",4,33100.0,50.0,12.0,40.0,2104.0,800.0,27.7,48.8,7.5,5.1,6.3,0.8,1.4
2221,Financial Brokers,4,53000.0,40.0,15.0,42.0,2576.0,3900.0,11.4,27.3,33.6,8.6,10.4,1.5,2.0
2222,Financial Dealers,4,19400.0,34.0,15.0,41.0,2651.0,-400.0,23.8,48.4,8.4,3.8,10.5,1.2,1.6
2223,Financial Investment Advisers and Managers,4,63400.0,40.0,20.0,44.0,2582.0,900.0,27.9,44.1,15.7,2.8,5.7,0.7,1.0
2231,Human Resource Professionals,4,84700.0,73.0,16.0,38.0,1970.0,-200.0,15.0,36.8,14.8,12.5,13.3,1.9,2.8
2232,ICT Trainers,4,3700.0,43.0,29.0,47.0,,400.0,18.6,32.6,16.3,14.2,11.8,1.0,1.5
2233,Training and Development Professionals,4,33700.0,63.0,19.0,44.0,1956.0,1600.0,18.4,25.8,18.2,21.3,9.6,1.7,2.5
2241,"Actuaries, Mathematicians and Statisticians",4,12600.0,49.0,17.0,38.0,2072.0,500.0,46.2,45.0,2.0,1.3,3.4,0.2,0.5
2242,"Archivists, Curators and Records Managers",4,9800.0,82.0,31.0,41.0,2279.0,400.0,35.3,32.8,10.0,7.6,8.0,1.4,2.6
2243,Economists,4,4600.0,36.0,10.0,35.0,2862.0,-100.0,52.7,43.1,0.7,0.5,2.4,0.1,0.2
2244,Intelligence and Policy Analysts,4,44500.0,64.0,20.0,39.0,2173.0,2700.0,40.3,41.4,6.3,4.1,5.6,0.4,0.5
2245,Land Economists and Valuers,4,13800.0,27.0,13.0,40.0,2744.0,100.0,19.0,49.7,11.5,5.7,7.4,0.9,2.2
2246,Librarians,4,11900.0,80.0,37.0,50.0,1841.0,0.0,49.1,29.6,9.5,3.5,4.1,1.0,1.3
2247,Management and Organisation Analysts,4,105800.0,48.0,17.0,43.0,2444.0,200.0,33.1,42.1,8.6,4.7,7.1,0.8,1.1
2249,Other Information and Organisation Professionals,4,55000.0,50.0,19.0,39.0,2189.0,1300.0,32.0,38.9,9.0,6.5,8.7,1.1,1.5
2251,Advertising and Marketing Professionals,4,103100.0,63.0,18.0,36.0,1957.0,3000.0,18.2,52.5,9.8,4.6,10.0,0.9,1.3
2252,ICT Sales Professionals,4,16200.0,29.0,6.0,40.0,2003.0,-1300.0,16.1,39.6,12.1,7.5,16.7,1.8,2.3
2253,Public Relations Professionals,4,32300.0,70.0,26.0,39.0,2046.0,1300.0,19.5,55.2,7.5,4.0,9.6,0.9,1.1
2254,Technical Sales Representatives,4,26600.0,34.0,8.0,42.0,2596.0,-1000.0,10.6,27.6,12.6,19.7,15.5,3.5,6.8
2311,Air Transport Professionals,4,16700.0,17.0,26.0,44.0,2651.0,500.0,7.6,29.5,34.4,10.2,12.9,0.9,1.2
2312,Marine Transport Professionals,4,10700.0,10.0,13.0,49.0,3365.0,100.0,5.1,16.1,27.8,26.8,6.5,1.9,5.7
2321,Architects and Landscape Architects,4,35800.0,37.0,22.0,41.0,2308.0,1000.0,46.1,45.3,4.4,0.9,1.6,0.1,0.2
2322,Surveyors and Spatial Scientists,4,18500.0,12.0,7.0,39.0,2300.0,200.0,13.8,44.3,22.2,7.0,8.1,1.0,1.2
2323,"Fashion, Industrial and Jewellery Designers",4,14100.0,51.0,23.0,40.0,,0.0,9.3,50.2,18.8,7.2,8.4,1.1,1.8
2324,"Graphic and Web Designers, and Illustrators",4,58700.0,53.0,22.0,38.0,1850.0,1400.0,9.3,50.0,21.5,6.6,7.7,0.9,1.3
2325,Interior Designers,4,19300.0,73.0,30.0,40.0,1692.0,700.0,8.5,46.0,25.3,6.2,7.5,1.1,1.8
2326,Urban and Regional Planners,4,18800.0,43.0,19.0,39.0,2316.0,200.0,37.9,47.7,5.3,3.1,3.8,0.4,0.7
2331,Chemical and Materials Engineers,4,6700.0,37.0,12.0,34.0,2849.0,0.0,32.2,59.2,2.5,2.0,2.5,0.1,0.3
2332,Civil Engineering Professionals,4,76800.0,13.0,7.0,35.0,2217.0,1700.0,24.8,63.8,4.0,1.9,3.7,0.1,0.3
2333,Electrical Engineers,4,33100.0,13.0,8.0,35.0,2553.0,2100.0,25.1,57.4,8.3,4.7,2.4,0.1,0.2
2334,Electronics Engineers,4,6300.0,11.0,13.0,46.0,2762.0,0.0,29.2,50.2,9.2,4.5,3.5,0.3,0.3
2335,"Industrial, Mechanical and Production Engineers",4,42500.0,10.0,8.0,38.0,2614.0,1300.0,23.4,56.1,7.4,7.3,3.0,0.2,0.5
2336,Mining Engineers,4,17300.0,15.0,7.0,40.0,3518.0,1500.0,28.2,58.5,4.8,3.7,2.5,0.2,0.4
2339,Other Engineering Professionals,4,20600.0,19.0,6.0,35.0,2649.0,2000.0,32.2,51.6,6.2,4.1,3.6,0.3,0.3
2341,Agricultural and Forestry Scientists,4,8900.0,31.0,19.0,38.0,2074.0,0.0,27.3,43.3,11.6,6.1,5.0,1.6,3.0
2342,"Chemists, and Food and Wine Scientists",4,9100.0,48.0,18.0,42.0,2194.0,-400.0,26.9,54.7,5.6,2.5,5.5,0.8,1.9
2343,Environmental Scientists,4,32000.0,45.0,15.0,39.0,1953.0,1000.0,29.5,48.7,6.0,6.9,3.6,1.0,2.4
2344,"Geologists, Geophysicists and Hydrogeologists",4,13600.0,19.0,15.0,44.0,2914.0,400.0,41.3,54.5,1.0,0.5,1.2,0.2,0.3
2345,Life Scientists,4,9700.0,65.0,24.0,41.0,1544.0,-100.0,54.3,38.1,2.9,1.3,1.5,0.2,0.4
2346,Medical Laboratory Scientists,4,33300.0,66.0,25.0,39.0,2056.0,1700.0,44.0,50.9,2.1,0.4,1.1,0.1,0.1
2347,Veterinarians,4,14500.0,63.0,27.0,37.0,2413.0,100.0,23.1,68.3,1.1,1.3,0.9,0.2,0.5
2349,Other Natural and Physical Science Professionals,4,14600.0,45.0,22.0,38.0,1848.0,200.0,49.3,43.7,2.3,1.1,1.5,0.1,0.2
2411,Early Childhood (Pre-primary School) Teachers,4,71900.0,95.0,43.0,37.0,1906.0,2700.0,21.4,60.4,10.4,3.4,2.1,0.2,0.3
2412,Primary School Teachers,4,165900.0,82.0,37.0,41.0,2226.0,1600.0,24.2,69.2,4.3,0.3,0.9,0.1,0.1
2413,Middle School Teachers,4,1000.0,,,40.0,2424.0,-200.0,35.9,60.1,1.5,1.5,0.7,0.0,0.0
2414,Secondary School Teachers,4,161400.0,58.0,23.0,40.0,2322.0,6400.0,41.8,54.3,1.9,0.3,0.9,0.0,0.0
2415,Special Education Teachers,4,34000.0,85.0,36.0,42.0,2160.0,2700.0,39.9,50.2,4.6,1.9,1.7,0.2,0.4
2421,University Lecturers and Tutors,4,65200.0,48.0,34.0,47.0,2924.0,1300.0,80.2,14.9,0.8,0.4,2.8,0.0,0.1
2422,Vocational Education Teachers,4,39400.0,43.0,28.0,49.0,2128.0,1800.0,24.6,24.0,23.3,22.2,2.0,0.5,1.1
2491,Education Advisers and Reviewers,4,25300.0,71.0,28.0,42.0,2524.0,0.0,48.0,34.5,7.8,3.9,3.3,0.5,0.8
2492,Private Tutors and Teachers,4,50800.0,71.0,77.0,34.0,2518.0,2600.0,16.9,30.3,12.1,5.9,24.8,2.5,4.3
2493,Teachers of English to Speakers of Other Languages,4,4000.0,79.0,83.0,46.0,2366.0,300.0,56.3,35.5,3.3,0.7,1.9,0.2,0.2
2511,Nutrition Professionals,4,8900.0,97.0,47.0,35.0,1667.0,-600.0,49.7,43.2,3.7,1.4,0.6,0.1,0.1
2512,Medical Imaging Professionals,4,26000.0,76.0,36.0,36.0,2360.0,1700.0,35.1,53.1,9.1,0.3,0.8,0.1,0.1
2513,Occupational and Environmental Health Professionals,4,42000.0,50.0,12.0,42.0,2284.0,2600.0,19.0,27.2,23.7,16.8,6.0,1.4,2.8
2514,Optometrists and Orthoptists,4,9700.0,76.0,41.0,33.0,,200.0,40.8,52.5,3.3,0.6,1.0,0.1,0.2
2515,Pharmacists,4,46300.0,66.0,32.0,38.0,1956.0,2900.0,23.0,69.8,0.6,0.8,3.5,0.2,0.4
2519,Other Health Diagnostic and Promotion Professionals,4,10700.0,77.0,27.0,45.0,2024.0,200.0,39.1,36.5,9.6,5.9,4.7,0.7,1.3
2521,Chiropractors and Osteopaths,4,7700.0,40.0,33.0,41.0,,-500.0,57.1,39.1,1.7,0.0,0.4,0.0,0.1
2522,Complementary Health Therapists,4,7500.0,72.0,60.0,50.0,,-700.0,21.5,49.9,21.1,1.2,1.6,0.3,0.4
2523,Dental Practitioners,4,25800.0,54.0,40.0,42.0,3232.0,2300.0,30.2,64.8,0.9,0.7,1.0,0.1,0.2
2524,Occupational Therapists,4,35600.0,92.0,37.0,33.0,1913.0,3000.0,26.5,71.0,0.8,0.2,0.6,0.0,0.1
2525,Physiotherapists,4,46600.0,58.0,28.0,33.0,1888.0,2000.0,38.4,58.6,1.4,0.2,0.4,0.0,0.0
2526,Podiatrists,4,6600.0,58.0,25.0,43.0,,300.0,25.7,65.1,6.7,0.3,0.3,0.0,0.1
2527,Audiologists and Speech Pathologists \ Therapists,4,21200.0,96.0,30.0,33.0,2003.0,1000.0,44.3,53.4,0.7,0.3,0.6,0.0,0.0
2531,General Practitioners and Resident Medical Officers,4,97300.0,51.0,23.0,40.0,2446.0,7000.0,39.9,56.6,0.6,0.2,0.4,0.0,0.1
2532,Anaesthetists,4,7400.0,32.0,10.0,49.0,8293.0,200.0,50.3,46.7,0.7,0.0,0.2,0.0,0.0
2533,Specialist Physicians,4,15900.0,49.0,27.0,41.0,3620.0,600.0,51.2,44.6,0.6,0.1,0.3,0.0,0.1
2534,Psychiatrists,4,8100.0,52.0,34.0,46.0,,1100.0,67.5,30.2,0.6,0.1,0.3,0.0,0.0
2535,Surgeons,4,7400.0,26.0,7.0,43.0,3905.0,-800.0,51.7,44.7,0.8,0.3,0.6,0.1,0.1
2539,Other Medical Practitioners,4,23400.0,55.0,23.0,43.0,5013.0,1400.0,42.9,47.1,2.1,2.0,1.6,0.2,0.5
2541,Midwives,4,19400.0,100.0,57.0,38.0,2114.0,-200.0,29.2,65.2,3.2,0.2,0.8,0.1,0.0
2542,Nurse Educators and Researchers,4,9000.0,82.0,33.0,41.0,2732.0,200.0,54.3,37.4,5.7,0.6,0.4,0.1,0.0
2543,Nurse Managers,4,24200.0,81.0,26.0,45.0,2658.0,1400.0,38.2,49.7,8.5,0.8,0.6,0.1,0.1
2544,Registered Nurses,4,366200.0,86.0,44.0,38.0,2192.0,12600.0,20.0,63.7,9.0,2.6,1.2,0.1,0.5
2611,ICT Business and Systems Analysts,4,51000.0,38.0,10.0,44.0,2697.0,800.0,29.3,47.3,8.3,3.7,7.0,0.8,0.9
2612,Multimedia Specialists and Web Developers,4,12400.0,28.0,11.0,37.0,2476.0,-600.0,20.3,47.9,12.5,4.9,9.8,0.8,1.2
2613,Software and Applications Programmers,4,203200.0,21.0,6.0,38.0,2537.0,13700.0,27.4,56.3,5.1,2.2,6.0,0.4,0.5
2621,"Database and Systems Administrators, and ICT Security Specialists",4,72600.0,24.0,8.0,41.0,2461.0,3300.0,21.5,38.6,13.3,8.9,10.5,1.3,1.6
2631,Computer Network Professionals,4,48600.0,19.0,7.0,42.0,2309.0,2600.0,20.9,38.9,15.5,8.4,9.3,1.0,1.2
2632,ICT Support and Test Engineers,4,14800.0,29.0,4.0,38.0,2115.0,200.0,22.1,46.5,11.8,6.8,8.2,0.7,0.9
2633,Telecommunications Engineering Professionals,4,13700.0,20.0,8.0,42.0,2797.0,-300.0,26.3,44.1,11.5,8.0,5.6,0.5,0.8
2711,Barristers,4,8900.0,40.0,11.0,40.0,3495.0,0.0,37.3,53.8,4.2,0.9,1.9,0.3,0.3
2712,Judicial and Other Legal Professionals,4,14500.0,69.0,26.0,44.0,2803.0,800.0,36.8,48.3,4.0,2.9,5.0,0.4,0.9
2713,Solicitors,4,106100.0,57.0,11.0,37.0,2070.0,5400.0,32.8,64.7,0.5,0.1,0.5,0.0,0.1
2721,Counsellors,4,40100.0,79.0,51.0,44.0,2154.0,2800.0,38.7,34.2,13.2,6.0,4.2,0.6,1.2
2722,Ministers of Religion,4,18800.0,34.0,33.0,49.0,1994.0,-400.0,32.2,38.1,15.8,5.5,4.1,0.4,1.4
2723,Psychologists and Psychotherapists,4,54200.0,82.0,50.0,44.0,2204.0,4400.0,77.0,19.6,1.5,0.2,0.6,0.0,0.0
2724,Social Professionals,4,16000.0,76.0,40.0,45.0,2113.0,200.0,39.2,30.6,12.8,4.4,6.0,1.1,2.5
2725,Social Workers,4,47400.0,84.0,32.0,38.0,2172.0,1700.0,30.2,51.5,9.3,4.0,2.4,0.4,0.7
2726,"Welfare, Recreation and Community Arts Workers",4,42600.0,68.0,44.0,39.0,1960.0,1300.0,19.0,38.5,19.2,11.9,5.3,1.2,2.5
3111,Agricultural Technicians,4,2800.0,32.0,19.0,33.0,1808.0,200.0,11.7,32.5,11.1,19.7,13.1,2.9,6.3
3112,Medical Technicians,4,39200.0,70.0,41.0,42.0,1539.0,1100.0,7.9,25.2,15.7,27.0,12.0,2.1,4.2
3113,Primary Products Inspectors,4,4400.0,48.0,14.0,46.0,1330.0,0.0,8.2,27.5,15.9,24.3,10.6,3.1,5.3
3114,Science Technicians,4,23500.0,49.0,26.0,44.0,1794.0,1100.0,13.4,33.7,15.8,15.8,11.3,2.1,4.2
3121,"Architectural, Building and Surveying Technicians",4,79200.0,15.0,10.0,42.0,2280.0,-300.0,6.9,16.9,19.6,37.8,8.1,2.0,5.0
3122,Civil Engineering Draftspersons and Technicians,4,13600.0,22.0,8.0,39.0,1730.0,-400.0,5.8,19.4,34.7,18.6,12.7,1.9,2.7
3123,"Electrical Engineering Draftspersons, Technicians",4,10500.0,15.0,11.0,41.0,2854.0,0.0,4.0,12.3,22.9,48.0,7.0,1.3,2.0
3124,"Electronic Engineering Draftspersons, Technicians",4,7900.0,11.0,13.0,42.0,2142.0,800.0,5.7,16.1,25.8,35.3,9.7,1.6,2.3
3125,"Mechanical Engineering Draftspersons, Technicians",4,5400.0,7.0,6.0,44.0,2589.0,-300.0,5.6,17.3,29.8,32.4,7.9,1.5,2.0
3126,Safety Inspectors,4,6600.0,17.0,8.0,49.0,2382.0,-200.0,15.1,18.1,24.1,25.2,7.3,2.0,4.5
3129,Other Building and Engineering Technicians,4,42300.0,17.0,9.0,43.0,2954.0,2400.0,5.0,11.6,15.6,45.3,9.6,2.5,6.3
3131,ICT Support Technicians,4,77900.0,24.0,11.0,36.0,1687.0,2300.0,13.7,31.8,16.4,13.5,15.9,2.0,2.4
3132,Telecommunications Technical Specialists,4,4000.0,10.0,8.0,43.0,2286.0,100.0,11.4,22.2,22.6,27.8,8.0,1.5,2.8
3211,Automotive Electricians,4,10400.0,6.0,14.0,35.0,2808.0,-200.0,0.5,1.8,3.1,75.9,9.6,2.7,4.5
3212,Motor Mechanics,4,112600.0,3.0,9.0,33.0,1622.0,1800.0,0.7,2.5,5.7,68.6,9.4,3.4,7.2
3221,"Metal Casting, Forging and Finishing Trades",4,2900.0,,,39.0,,0.0,0.5,4.7,4.6,45.7,14.1,4.8,20.6
3222,Sheetmetal Trades Workers,4,4100.0,6.0,0.0,28.0,,-500.0,0.4,1.8,3.0,62.4,13.1,4.7,11.8
3223,Structural Steel and Welding Trades Workers,4,79100.0,1.0,4.0,39.0,1688.0,1100.0,0.4,2.1,3.3,66.1,10.3,3.9,10.8
3231,Aircraft Maintenance Engineers,4,9900.0,6.0,2.0,46.0,1980.0,-400.0,2.9,6.9,18.5,60.0,7.6,1.0,1.2
3232,Metal Fitters and Machinists,4,119900.0,4.0,6.0,40.0,2606.0,900.0,0.5,2.2,5.2,75.4,7.5,2.3,4.9
3233,Precision Metal Trades Workers,4,7800.0,5.0,16.0,39.0,1537.0,0.0,2.7,7.8,7.8,55.0,12.0,3.6,7.5
3234,Toolmakers and Engineering Patternmakers,4,1800.0,7.0,17.0,49.0,,-300.0,1.1,3.6,16.9,59.0,6.3,1.8,6.8
3241,Panelbeaters,4,11400.0,0.0,8.0,41.0,1848.0,200.0,0.2,1.4,2.1,71.6,8.1,2.9,10.6
3242,Vehicle Body Builders and Trimmers,4,6700.0,0.0,1.0,44.0,1924.0,200.0,0.6,2.2,3.9,53.4,13.3,5.4,17.5
3243,Vehicle Painters,4,9200.0,3.0,7.0,36.0,1880.0,-200.0,0.2,1.4,2.0,67.7,9.7,4.1,12.1
3311,Bricklayers and Stonemasons,4,25800.0,1.0,16.0,39.0,2317.0,-800.0,0.4,2.0,3.1,58.1,11.9,4.8,15.8
3312,Carpenters and Joiners,4,149600.0,3.0,11.0,30.0,1760.0,2900.0,0.5,2.8,3.7,67.1,12.7,4.0,7.4
3321,Floor Finishers,4,11500.0,7.0,29.0,42.0,,600.0,0.6,3.5,4.0,40.0,19.1,7.2,22.3
3322,Painting Trades Workers,4,50000.0,8.0,14.0,39.0,1379.0,-2300.0,1.4,4.2,4.8,51.7,14.3,4.2,14.7
3331,Glaziers,4,8500.0,10.0,15.0,38.0,,0.0,0.6,2.3,2.6,56.1,15.2,5.4,15.1
3332,Plasterers,4,31600.0,2.0,18.0,34.0,1841.0,700.0,0.7,2.6,3.9,46.6,17.0,5.5,18.9
3333,Roof Tilers,4,9400.0,2.0,13.0,30.0,,-100.0,0.4,1.6,1.9,50.6,14.2,6.8,21.3
3334,Wall and Floor Tilers,4,21800.0,7.0,17.0,39.0,,500.0,0.8,4.4,4.5,49.5,15.1,3.4,14.5
3341,Plumbers,4,107600.0,3.0,7.0,34.0,1990.0,4500.0,0.2,1.2,2.6,72.7,10.6,4.2,7.2
3411,Electricians,4,197300.0,2.0,6.0,33.0,2191.0,7200.0,0.6,2.7,5.4,73.1,12.2,2.3,2.6
3421,Airconditioning and Refrigeration Mechanics,4,29700.0,1.0,9.0,31.0,2100.0,-400.0,0.5,2.6,4.8,69.2,12.8,3.2,5.4
3422,Electrical Distribution Trades Workers,4,12000.0,3.0,1.0,38.0,2731.0,600.0,0.2,2.2,4.3,80.9,6.6,1.4,3.0
3423,Electronics Trades Workers,4,31600.0,6.0,16.0,38.0,1882.0,1400.0,3.4,12.8,15.6,36.5,18.0,3.2,5.2
3424,Telecommunications Trades Workers,4,15800.0,4.0,11.0,38.0,2060.0,-1400.0,4.6,11.7,12.9,42.8,14.1,3.4,6.7
3511,Bakers and Pastrycooks,4,34200.0,37.0,26.0,37.0,1417.0,1000.0,3.5,11.1,10.2,38.4,17.1,3.9,11.1
3512,Butchers and Smallgoods Makers,4,14300.0,10.0,26.0,40.0,1550.0,100.0,0.5,2.5,2.2,56.6,12.9,4.1,16.1
3513,Chefs,4,133400.0,30.0,22.0,34.0,1423.0,6100.0,3.6,14.4,22.3,37.3,10.9,1.5,5.2
3514,Cooks,4,30700.0,52.0,55.0,36.0,1432.0,-3500.0,3.7,11.6,12.9,20.4,22.9,6.0,16.7
3611,Animal Attendants and Trainers,4,27200.0,74.0,48.0,36.0,1276.0,1300.0,2.8,13.1,9.6,24.2,22.0,5.9,15.7
3612,Shearers,4,2700.0,7.0,20.0,31.0,,100.0,0.1,1.5,1.7,26.2,14.8,10.0,39.2
3613,Veterinary Nurses,4,17500.0,96.0,42.0,28.0,1667.0,1000.0,1.3,13.9,10.8,48.7,12.8,2.1,2.7
3621,Florists,4,5600.0,84.0,67.0,46.0,,-300.0,3.1,15.2,12.7,34.4,16.5,3.7,9.1
3622,Gardeners,4,87000.0,11.0,32.0,41.0,,900.0,1.7,6.9,10.3,37.6,18.2,6.0,15.0
3623,Greenkeepers,4,13600.0,5.0,31.0,39.0,1468.0,-100.0,1.1,2.8,7.8,44.8,15.0,5.7,19.3
3624,Nurserypersons,4,4400.0,45.0,63.0,59.0,,300.0,3.4,13.3,15.4,31.4,14.6,4.9,12.6
3911,Hairdressers,4,65400.0,76.0,49.0,36.0,1209.0,500.0,0.4,1.8,7.1,72.0,7.7,2.4,5.6
3921,Print Finishers and Screen Printers,4,3800.0,23.0,21.0,50.0,,300.0,0.9,8.0,7.8,38.1,19.7,6.2,14.9
3922,Graphic Pre-press Trades Workers,4,1300.0,,,45.0,,-300.0,4.3,19.1,18.2,39.3,9.3,2.9,3.8
3923,Printers,4,8800.0,4.0,19.0,49.0,1408.0,-900.0,2.2,8.3,8.3,47.9,16.2,4.3,9.2
3931,Canvas and Leather Goods Makers,4,1100.0,,,53.0,,-200.0,2.0,6.5,7.2,30.4,19.9,6.1,22.4
3932,Clothing Trades Workers,4,8400.0,76.0,52.0,54.0,,200.0,2.9,15.0,16.0,13.5,20.7,3.9,20.4
3933,Upholsterers,4,1900.0,,,37.0,1527.0,-300.0,1.0,4.0,3.9,49.9,14.1,5.0,18.3
3941,Cabinetmakers,4,30500.0,5.0,7.0,37.0,1400.0,0.0,0.8,3.4,3.6,62.9,13.7,4.1,9.2
3942,Wood Machinists and Other Wood Trades Workers,4,4600.0,24.0,45.0,53.0,1405.0,700.0,2.6,11.1,7.4,38.7,17.3,5.5,13.5
3991,Boat Builders and Shipwrights,4,3100.0,8.0,18.0,45.0,2197.0,-500.0,0.9,4.8,4.9,53.9,14.2,5.2,11.9
3992,"Chemical, Gas, Petroleum and Power Plant Operators",4,7100.0,4.0,3.0,48.0,3532.0,-1000.0,1.9,7.8,13.9,53.9,8.7,2.7,7.7
3993,"Gallery, Library and Museum Technicians",4,7700.0,77.0,46.0,51.0,1498.0,200.0,13.2,21.7,32.4,11.8,9.3,3.6,4.0
3994,Jewellers,4,4100.0,39.0,40.0,55.0,,-100.0,3.3,14.8,13.5,37.0,13.7,2.8,9.7
3995,Performing Arts Technicians,4,15500.0,21.0,31.0,34.0,1844.0,-500.0,4.4,26.2,22.3,15.9,19.8,2.9,4.4
3996,Signwriters,4,6300.0,8.0,24.0,43.0,,200.0,1.2,5.6,7.3,49.9,17.3,4.9,10.7
3999,Other Miscellaneous Technicians and Trades Workers,4,23900.0,47.0,36.0,40.0,2036.0,300.0,3.7,14.5,14.1,31.7,19.3,3.7,7.2
4111,Ambulance Officers and Paramedics,4,27100.0,48.0,10.0,36.0,2852.0,800.0,9.5,56.6,20.6,5.7,2.2,0.5,1.2
4112,"Dental Hygienists, Technicians and Therapists",4,8000.0,68.0,50.0,44.0,2210.0,-200.0,3.4,38.2,38.9,9.3,3.4,0.5,0.6
4113,Diversional Therapists,4,5300.0,74.0,48.0,48.0,1434.0,-200.0,5.8,16.1,20.3,41.0,5.7,1.9,4.0
4114,Enrolled and Mothercraft Nurses,4,21800.0,87.0,50.0,38.0,1777.0,-200.0,1.9,7.9,70.8,12.8,1.9,0.4,0.8
4115,Indigenous Health Workers,4,1200.0,,,55.0,1460.0,0.0,4.7,8.2,21.0,37.4,9.1,3.8,9.7
4116,Massage Therapists,4,19500.0,79.0,73.0,49.0,,100.0,4.9,21.1,50.1,6.1,6.8,0.7,4.5
4117,Welfare Support Workers,4,94500.0,71.0,30.0,39.0,1844.0,3300.0,11.6,25.8,24.2,20.8,8.6,1.9,3.7
4211,Child Carers,4,184600.0,93.0,53.0,33.0,1341.0,10700.0,16.4,13.3,27.2,22.2,12.2,1.6,2.8
4221,Education Aides,4,137900.0,87.0,69.0,42.0,1342.0,6800.0,6.9,13.0,15.1,36.3,14.2,2.9,5.9
4231,Aged and Disabled Carers,4,376300.0,73.0,60.0,41.0,1761.0,27100.0,5.3,13.4,15.0,36.6,12.8,2.6,7.6
4232,Dental Assistants,4,27300.0,92.0,58.0,30.0,1211.0,-1600.0,3.1,12.5,10.4,38.4,18.9,2.9,4.3
4233,Nursing Support and Personal Care Workers,4,110400.0,74.0,52.0,40.0,1612.0,3600.0,5.6,15.4,13.3,36.0,13.7,2.2,6.8
4234,Special Care Workers,4,3500.0,79.0,50.0,30.0,1708.0,-300.0,7.4,20.6,19.4,21.3,20.0,2.9,5.2
4311,Bar Attendants and Baristas,4,118800.0,58.0,71.0,23.0,1500.0,1600.0,2.2,12.2,8.8,14.7,42.8,6.1,9.8
4312,Cafe Workers,4,36800.0,74.0,76.0,22.0,1346.0,800.0,2.1,8.6,6.8,10.9,34.6,11.2,22.4
4313,Gaming Workers,4,4300.0,56.0,25.0,35.0,1539.0,-600.0,6.4,21.7,11.5,16.6,31.8,3.7,4.8
4314,Hotel Service Managers,4,10200.0,67.0,29.0,37.0,1410.0,-300.0,7.9,21.4,15.7,15.8,21.4,4.3,8.9
4315,Waiters,4,129300.0,69.0,83.0,21.0,1346.0,-100.0,3.5,13.2,8.2,9.9,38.4,8.9,14.4
4319,Other Hospitality Workers,4,5800.0,59.0,75.0,22.0,1574.0,-300.0,3.4,12.0,8.7,11.9,30.1,9.7,20.3
4411,Defence Force Members - Other Ranks,4,17000.0,18.0,8.0,27.0,,,2.9,7.7,11.0,25.6,39.7,4.8,5.5
4412,Fire and Emergency Workers,4,19900.0,16.0,4.0,45.0,2473.0,600.0,5.4,15.6,19.7,38.9,10.0,1.8,2.9
4413,Police,4,70100.0,28.0,5.0,40.0,2560.0,900.0,6.5,24.4,43.1,8.0,11.7,1.4,1.2
4421,Prison Officers,4,19800.0,26.0,1.0,40.0,2080.0,-1500.0,3.5,9.7,15.3,45.1,12.3,3.4,6.7
4422,Security Officers and Guards,4,66800.0,17.0,22.0,39.0,1818.0,2600.0,7.5,13.5,12.4,23.6,20.4,4.6,10.8
4511,Beauty Therapists,4,44300.0,98.0,53.0,33.0,1178.0,2500.0,2.5,8.5,40.9,18.2,15.1,2.4,6.4
4512,Driving Instructors,4,5900.0,11.0,43.0,53.0,2224.0,-200.0,5.7,12.4,14.6,42.0,8.8,2.5,7.0
4513,Funeral Workers,4,5300.0,51.0,33.0,52.0,,400.0,3.4,9.8,14.0,23.1,19.7,7.5,16.2
4514,"Gallery, Museum and Tour Guides",4,5800.0,58.0,43.0,41.0,1432.0,0.0,13.3,29.5,12.3,15.4,16.6,3.0,5.7
4515,Personal Care Consultants,4,4400.0,90.0,74.0,47.0,,-100.0,5.3,17.8,26.2,7.8,17.2,2.0,11.6
4516,Tourism and Travel Advisers,4,19100.0,80.0,32.0,44.0,1330.0,100.0,4.7,21.4,23.4,19.4,17.0,2.4,4.5
4517,Travel Attendants,4,10700.0,61.0,39.0,37.0,1504.0,200.0,2.4,14.5,16.4,20.6,32.9,3.5,4.1
4518,Other Personal Service Workers,4,24400.0,65.0,64.0,35.0,,1800.0,8.0,18.5,14.3,17.6,20.2,4.9,11.1
4521,Fitness Instructors,4,35900.0,62.0,68.0,36.0,1500.0,400.0,6.6,24.4,17.7,32.4,8.9,1.1,1.9
4522,Outdoor Adventure Guides,4,4300.0,36.0,31.0,36.0,1298.0,100.0,10.2,25.4,10.2,24.1,21.1,2.6,4.1
4523,"Sports Coaches, Instructors and Officials",4,66400.0,50.0,79.0,21.0,1442.0,5200.0,4.1,14.6,7.7,10.7,34.0,8.1,15.7
4524,Sportspersons,4,13100.0,34.0,63.0,21.0,,-100.0,1.6,10.1,7.9,15.0,45.4,7.2,7.1
5111,"Contract, Program and Project Administrators",4,158500.0,57.0,11.0,43.0,2130.0,1500.0,19.8,32.2,15.3,14.0,10.8,1.8,3.0
5121,Office Managers,4,140600.0,81.0,34.0,47.0,1730.0,3000.0,5.6,16.0,17.2,18.2,19.7,5.9,11.3
5122,Practice Managers,4,30600.0,86.0,32.0,44.0,1655.0,700.0,11.0,24.2,19.9,15.7,14.1,3.4,5.9
5211,Personal Assistants,4,50900.0,97.0,28.0,43.0,1832.0,-200.0,4.8,16.9,21.4,16.6,21.8,4.5,6.7
5212,Secretaries,4,29500.0,94.0,44.0,46.0,1626.0,-1600.0,5.0,12.4,13.9,12.9,21.5,6.3,18.1
5311,General Clerks,4,292100.0,81.0,40.0,41.0,1438.0,200.0,6.4,16.6,14.9,18.7,21.7,5.3,10.6
5321,Keyboard Operators,4,49900.0,75.0,43.0,40.0,1371.0,900.0,5.0,15.2,12.8,16.8,25.6,6.5,12.3
5411,Call or Contact Centre Workers,4,28500.0,64.0,22.0,36.0,1414.0,-1100.0,5.4,16.9,12.9,18.2,29.7,5.1,7.6
5412,Information Officers,4,89500.0,64.0,30.0,36.0,1462.0,3800.0,8.0,20.1,13.4,19.4,23.4,4.4,7.1
5421,Receptionists,4,181300.0,89.0,57.0,36.0,1229.0,-2000.0,3.1,12.7,12.9,19.1,28.3,6.4,11.4
5511,Accounting Clerks,4,139500.0,80.0,30.0,45.0,1442.0,-200.0,8.7,21.1,14.9,17.4,19.0,5.0,9.1
5512,Bookkeepers,4,91800.0,89.0,60.0,52.0,1400.0,-1000.0,7.1,19.9,17.3,18.8,14.9,5.3,11.2
5513,Payroll Clerks,4,51700.0,84.0,29.0,46.0,1606.0,1100.0,8.2,18.3,15.6,16.5,21.5,5.8,9.7
5521,Bank Workers,4,38600.0,65.0,23.0,37.0,1610.0,-2100.0,12.3,26.7,10.4,10.7,24.4,4.3,6.1
5522,Credit and Loans Officers,4,35600.0,57.0,13.0,39.0,1806.0,-900.0,14.0,30.2,13.9,11.8,19.8,2.9,3.7
5523,"Insurance, Money Market and Statistical Clerks",4,41200.0,75.0,19.0,40.0,1501.0,900.0,8.8,23.8,15.2,15.0,23.2,3.4,5.4
5611,Betting Clerks,4,1900.0,,,76.0,,100.0,3.5,12.0,7.3,13.1,30.0,9.0,21.6
5612,Couriers and Postal Deliverers,4,41700.0,15.0,30.0,47.0,1503.0,-200.0,4.6,11.1,10.1,18.2,24.3,7.1,19.5
5613,Filing and Registry Clerks,4,16300.0,71.0,47.0,43.0,1602.0,-700.0,7.8,19.7,13.3,16.3,22.2,5.0,10.3
5614,Mail Sorters,4,11400.0,51.0,32.0,50.0,,-1200.0,4.2,14.2,9.7,12.4,30.0,6.9,16.9
5615,Survey Interviewers,4,800.0,,,37.0,,-500.0,14.8,27.5,11.8,11.2,22.6,2.9,6.1
5616,Switchboard Operators,4,2600.0,68.0,16.0,49.0,,100.0,3.1,10.3,10.9,15.0,28.1,7.2,19.5
5619,Other Clerical and Office Support Workers,4,6600.0,57.0,46.0,41.0,1433.0,300.0,7.4,14.6,11.1,19.5,25.6,5.7,12.0
5911,Purchasing and Supply Logistics Clerks,4,120800.0,45.0,20.0,41.0,1553.0,4600.0,6.6,16.6,12.9,18.7,24.1,5.7,11.1
5912,Transport and Despatch Clerks,4,46000.0,35.0,11.0,41.0,1707.0,500.0,5.6,13.7,12.7,20.7,24.1,5.8,12.2
5991,Conveyancers and Legal Executives,4,16800.0,78.0,37.0,37.0,1575.0,-600.0,8.2,23.6,18.1,8.9,27.0,3.0,5.0
5992,Court and Legal Clerks,4,20000.0,69.0,39.0,29.0,1345.0,600.0,7.9,26.0,12.0,12.2,29.1,3.4,4.9
5993,Debt Collectors,4,6700.0,68.0,18.0,41.0,1519.0,500.0,6.1,17.3,13.8,18.2,25.7,5.1,8.4
5994,Human Resource Clerks,4,27100.0,77.0,11.0,40.0,1476.0,2100.0,7.7,20.6,16.4,22.4,18.9,3.5,6.4
5995,Inspectors and Regulatory Officers,4,44800.0,55.0,16.0,44.0,1862.0,800.0,12.3,24.5,14.9,20.3,15.8,3.0,5.5
5996,"Insurance Investigators, Loss Adjusters and Risk Surveyors",4,9100.0,42.0,11.0,41.0,1995.0,800.0,10.1,22.0,15.8,31.9,11.6,1.6,3.0
5997,Library Assistants,4,6700.0,70.0,69.0,48.0,1779.0,-100.0,10.7,20.6,18.0,17.7,15.5,4.1,8.7
5999,Other Miscellaneous Clerical and Administrative Workers,4,24600.0,63.0,32.0,39.0,1590.0,1500.0,9.8,28.9,14.7,17.5,17.4,2.3,4.7
6111,"Auctioneers, and Stock and Station Agents",4,3000.0,29.0,12.0,44.0,,-200.0,1.5,9.9,12.8,20.0,24.1,7.2,14.7
6112,Insurance Agents,4,17300.0,58.0,10.0,40.0,1559.0,800.0,7.5,23.2,18.7,14.9,22.5,3.2,4.4
6113,Sales Representatives,4,71800.0,37.0,17.0,43.0,1692.0,-400.0,5.8,20.2,13.3,18.0,23.5,5.1,9.5
6121,Real Estate Sales Agents,4,103900.0,52.0,21.0,43.0,1504.0,900.0,7.7,19.8,18.2,21.5,15.3,2.5,4.8
6211,Sales Assistants (General),4,562000.0,65.0,75.0,23.0,1241.0,9500.0,3.0,9.4,7.2,11.4,33.2,10.5,21.4
6212,ICT Sales Assistants,4,13600.0,37.0,17.0,35.0,1178.0,-1100.0,10.4,27.6,10.5,10.5,30.2,2.8,4.4
6213,Motor Vehicle and Vehicle Parts Salespersons,4,39100.0,21.0,9.0,39.0,1316.0,1900.0,1.7,6.4,7.9,28.7,28.5,7.5,15.0
6214,Pharmacy Sales Assistants,4,39900.0,84.0,74.0,24.0,1112.0,400.0,2.8,10.0,6.5,15.2,34.5,8.9,17.3
6215,Retail Supervisors,4,49400.0,59.0,32.0,33.0,1267.0,2200.0,4.2,12.1,9.8,17.7,34.8,6.4,11.3
6216,Service Station Attendants,4,13300.0,47.0,57.0,35.0,1233.0,300.0,13.5,13.4,6.6,12.0,26.4,7.0,17.2
6217,Street Vendors and Related Salespersons,4,5900.0,49.0,50.0,31.0,,200.0,7.7,19.9,11.0,15.9,22.4,4.8,13.4
6219,Other Sales Assistants and Salespersons,4,11100.0,35.0,37.0,41.0,1318.0,-2000.0,3.2,10.5,9.5,20.8,24.6,6.6,18.7
6311,Checkout Operators and Office Cashiers,4,119300.0,68.0,78.0,23.0,1077.0,-5100.0,3.4,7.6,5.5,9.3,32.5,13.1,25.5
6391,Models and Sales Demonstrators,4,10200.0,77.0,52.0,43.0,,400.0,2.9,10.4,11.1,16.1,26.5,8.2,19.9
6392,Retail and Wool Buyers,4,6800.0,56.0,14.0,41.0,1535.0,-400.0,7.1,36.9,15.0,9.6,18.9,3.0,5.5
6393,Telemarketers,4,5500.0,46.0,40.0,39.0,,300.0,4.7,14.7,11.8,15.4,29.4,6.2,12.1
6394,Ticket Salespersons,4,18300.0,61.0,68.0,28.0,1276.0,500.0,4.6,17.1,13.7,14.5,28.8,5.9,10.6
6395,Visual Merchandisers,4,7400.0,88.0,67.0,43.0,1200.0,-200.0,2.3,18.0,21.8,13.2,24.0,5.7,10.7
6399,Other Sales Support Workers,4,6500.0,56.0,56.0,27.0,1363.0,-200.0,5.4,13.8,9.5,12.8,33.9,6.9,14.0
7111,"Clay, Concrete, Glass and Stone Processing Machine Operators",4,2700.0,4.0,10.0,43.0,1716.0,-100.0,1.7,5.7,5.4,25.7,24.4,7.9,23.9
7112,Industrial Spraypainters,4,5900.0,2.0,5.0,40.0,,-100.0,0.5,2.6,3.1,40.7,16.8,7.6,24.2
7113,Paper and Wood Processing Machine Operators,4,5100.0,10.0,24.0,45.0,1451.0,-600.0,1.0,4.3,4.8,22.7,23.3,8.7,29.4
7114,Photographic Developers and Printers,4,1300.0,75.0,76.0,43.0,1406.0,0.0,4.2,20.2,11.9,15.3,30.9,5.1,7.7
7115,Plastics and Rubber Production Machine Operators,4,8100.0,5.0,6.0,44.0,1708.0,300.0,1.2,5.0,5.6,28.7,22.7,7.5,23.4
7116,Sewing Machinists,4,6500.0,84.0,46.0,53.0,1067.0,-200.0,1.7,7.3,8.6,12.7,24.1,6.0,31.1
7117,Textile and Footwear Production Machine Operators,4,1600.0,,,46.0,1225.0,-100.0,2.2,8.3,7.4,17.5,23.9,7.3,26.3
7119,Other Machine Operators,4,11800.0,44.0,26.0,44.0,1554.0,-100.0,3.8,12.9,9.0,28.5,19.0,4.8,14.8
7121,"Crane, Hoist and Lift Operators",4,20200.0,8.0,5.0,46.0,3411.0,2400.0,0.5,2.3,3.9,36.7,17.0,6.8,24.3
7122,"Drillers, Miners and Shot Firers",4,72000.0,14.0,3.0,40.0,2908.0,3000.0,0.6,2.5,5.0,37.8,19.3,7.2,22.9
7123,Engineering Production Workers,4,20100.0,9.0,9.0,41.0,1656.0,-400.0,1.6,5.6,6.9,33.6,20.0,7.0,20.6
7129,Other Stationary Plant Operators,4,24100.0,21.0,7.0,40.0,2019.0,-300.0,1.8,5.6,6.2,37.6,17.2,6.7,20.7
7211,"Agricultural, Forestry and Horticultural Plant Operators",4,15700.0,8.0,10.0,37.0,1403.0,-100.0,0.7,3.5,4.3,28.0,18.2,8.3,31.8
7212,Earthmoving Plant Operators,4,51400.0,5.0,6.0,44.0,1900.0,300.0,0.2,1.2,2.8,34.3,14.0,7.6,34.7
7213,Forklift Drivers,4,71300.0,5.0,13.0,41.0,1340.0,1200.0,1.5,4.9,5.5,18.9,26.8,9.1,27.3
7219,Other Mobile Plant Operators,4,13100.0,8.0,16.0,37.0,1696.0,100.0,1.2,6.0,7.4,26.8,29.0,6.6,19.1
7311,Automobile Drivers,4,50800.0,9.0,40.0,45.0,,-1400.0,11.7,18.9,15.3,12.2,19.9,3.1,12.1
7312,Bus and Coach Drivers,4,40800.0,16.0,40.0,54.0,1795.0,-200.0,4.0,10.3,11.6,26.1,15.0,5.2,21.4
7313,Train and Tram Drivers,4,18700.0,16.0,6.0,47.0,3001.0,1500.0,2.9,8.4,7.5,40.0,14.9,4.9,14.0
7321,Delivery Drivers,4,85500.0,15.0,49.0,38.0,1308.0,600.0,6.7,12.7,8.6,15.0,28.1,8.5,15.6
7331,Truck Drivers,4,195800.0,6.0,13.0,45.0,1960.0,200.0,1.3,3.8,6.0,24.8,17.3,7.7,34.2
7411,Storepersons,4,166600.0,28.0,32.0,35.0,1328.0,2400.0,3.5,9.1,7.6,17.5,32.8,7.5,17.2
8111,Car Detailers,4,17200.0,13.0,34.0,33.0,1240.0,-500.0,2.3,5.7,6.2,17.6,27.3,8.8,26.9
8112,Commercial Cleaners,4,150100.0,60.0,62.0,42.0,1254.0,-1200.0,4.5,11.1,8.1,14.3,20.7,6.7,27.5
8113,Domestic Cleaners,4,36000.0,81.0,83.0,42.0,1302.0,200.0,2.9,10.2,10.3,16.1,21.6,7.1,24.6
8114,Housekeepers,4,36300.0,80.0,69.0,40.0,1230.0,2200.0,4.1,12.1,8.1,14.9,21.4,6.6,25.7
8115,Laundry Workers,4,16700.0,57.0,41.0,45.0,1154.0,1700.0,2.7,8.7,6.4,13.5,23.9,6.6,30.7
8116,Other Cleaners,4,14300.0,18.0,46.0,42.0,1342.0,300.0,1.5,6.7,6.8,24.6,24.4,7.6,22.9
8211,Building and Plumbing Labourers,4,70000.0,5.0,18.0,32.0,1827.0,-100.0,1.1,5.3,5.1,29.3,25.0,7.7,22.0
8212,Concreters,4,44600.0,3.0,13.0,35.0,2209.0,3200.0,0.3,1.9,2.8,35.1,19.4,8.4,28.4
8213,Fencers,4,13200.0,5.0,25.0,46.0,1249.0,100.0,0.7,3.3,4.8,28.4,19.9,8.6,28.7
8214,Insulation and Home Improvement Installers,4,25900.0,5.0,19.0,38.0,1606.0,-400.0,0.9,4.3,5.2,36.3,21.3,7.1,19.1
8215,Paving and Surfacing Labourers,4,7000.0,4.0,14.0,44.0,1383.0,0.0,0.5,1.6,2.7,32.4,19.2,8.3,30.7
8216,Railway Track Workers,4,5600.0,7.0,8.0,38.0,,-100.0,1.3,4.4,6.2,36.3,18.3,6.9,21.6
8217,Structural Steel Construction Workers,4,26100.0,3.0,8.0,34.0,2910.0,1000.0,0.6,3.9,3.9,34.9,21.8,8.6,21.0
8219,Other Construction and Mining Labourers,4,8900.0,9.0,11.0,35.0,,500.0,1.9,5.4,5.4,32.7,26.3,6.8,16.9
8311,Food and Drink Factory Workers,4,27900.0,29.0,18.0,44.0,1647.0,-600.0,4.1,11.2,7.6,18.2,26.4,6.9,19.7
8312,"Meat Boners and Slicers, and Slaughterers",4,7500.0,23.0,5.0,38.0,1627.0,200.0,0.9,6.0,3.5,17.9,29.3,6.0,25.6
8313,"Meat, Poultry and Seafood Process Workers",4,14600.0,31.0,14.0,39.0,1244.0,0.0,2.7,8.4,5.2,13.3,27.9,6.7,26.5
8321,Packers,4,54400.0,55.0,41.0,36.0,1366.0,-3300.0,3.3,10.8,6.4,9.9,31.8,6.2,23.0
8322,Product Assemblers,4,24500.0,26.0,10.0,42.0,1196.0,-100.0,2.6,9.1,7.1,20.4,26.3,6.8,21.4
8391,Metal Engineering Process Workers,4,7500.0,16.0,9.0,46.0,1212.0,-900.0,0.9,4.0,3.8,24.0,25.8,8.1,27.8
8392,Plastics and Rubber Factory Workers,4,2000.0,12.0,6.0,44.0,1609.0,100.0,2.1,6.0,5.8,14.2,28.2,8.1,28.7
8393,Product Quality Controllers,4,12400.0,46.0,15.0,46.0,1404.0,-100.0,8.9,20.5,10.8,19.0,18.3,4.7,12.4
8394,Timber and Wood Process Workers,4,4100.0,4.0,14.0,31.0,,-300.0,1.0,2.7,3.0,18.2,27.6,9.1,32.2
8399,Other Factory Process Workers,4,11300.0,18.0,29.0,37.0,1519.0,-400.0,2.3,7.3,4.5,15.8,27.9,7.5,27.9
8411,Aquaculture Workers,4,1000.0,,,45.0,,100.0,4.0,8.5,5.9,23.2,18.3,7.8,26.9
8412,Crop Farm Workers,4,18400.0,33.0,30.0,33.0,,-1600.0,2.2,8.7,5.3,13.1,25.9,6.9,27.2
8413,Forestry and Logging Workers,4,2200.0,,,51.0,,0.0,1.3,6.5,5.6,24.5,18.9,7.5,29.7
8414,Garden and Nursery Labourers,4,35200.0,17.0,38.0,42.0,,800.0,1.1,5.5,6.5,28.1,21.7,7.2,25.0
8415,Livestock Farm Workers,4,29600.0,39.0,40.0,37.0,,0.0,1.3,7.1,5.6,21.3,23.1,8.0,28.1
8416,Mixed Crop and Livestock Farm Workers,4,3200.0,35.0,32.0,33.0,,-300.0,0.8,6.0,5.7,26.8,21.3,8.9,25.4
8419,"Other Farm, Forestry and Garden Workers",4,16500.0,15.0,21.0,42.0,,700.0,2.6,9.4,8.6,31.6,14.0,4.4,14.2
8511,Fast Food Cooks,4,48800.0,30.0,84.0,18.0,977.0,-200.0,1.8,4.7,4.7,8.1,25.9,15.1,37.0
8512,Food Trades Assistants,4,4400.0,54.0,73.0,30.0,1380.0,-300.0,2.7,7.9,5.6,13.3,30.6,10.4,25.1
8513,Kitchenhands,4,149500.0,50.0,79.0,22.0,1292.0,100.0,2.9,8.2,6.3,10.6,26.5,11.4,29.8
8911,Freight and Furniture Handlers,4,16100.0,15.0,40.0,29.0,1652.0,500.0,1.3,5.8,5.8,22.6,30.3,8.0,21.4
8912,Shelf Fillers,4,71800.0,36.0,81.0,23.0,1022.0,300.0,2.9,8.5,6.1,11.9,36.8,10.2,20.3
8991,Caretakers,4,6100.0,26.0,37.0,51.0,1383.0,-400.0,2.8,7.5,9.5,35.5,14.7,4.3,20.3
8992,Deck and Fishing Hands,4,7100.0,3.0,26.0,31.0,1720.0,100.0,1.2,5.7,6.5,28.7,16.3,5.7,22.0
8993,Handypersons,4,43400.0,5.0,42.0,53.0,1538.0,0.0,2.1,7.0,8.7,38.8,14.5,5.5,18.6
8994,Motor Vehicle Parts and Accessories Fitters,4,15400.0,1.0,17.0,38.0,,600.0,0.5,1.9,3.0,30.9,21.3,9.0,28.0
8995,Printing Assistants and Table Workers,4,2400.0,40.0,31.0,39.0,1253.0,-100.0,2.3,9.9,6.4,19.4,27.4,6.7,22.2
8996,Recycling and Rubbish Collectors,4,3400.0,23.0,25.0,39.0,1462.0,-200.0,1.0,3.2,4.1,22.4,22.8,7.5,32.9
8997,Vending Machine Attendants,4,4500.0,70.0,41.0,32.0,1150.0,0.0,2.9,9.6,9.8,18.1,30.5,7.5,16.8
8999,Other Miscellaneous Labourers,4,73300.0,29.0,44.0,35.0,1543.0,2500.0,2.3,7.3,7.3,23.1,23.4,7.8,23.2
