occupation_code,occupation_title,anzsco_level,description,description_length
1111,Chief Executives and Managing Directors,4,"Chief Executives and Managing Directors determine, formulate and review the general policy programs and the overall direction of organisations within the framework established by boards of directors and similar governing bodies.",228
1112,General Managers,4,"General Managers plan, organise, direct, control and review the day-to-day operations and major functions of commercial, industrial, government and defence organisations through departmental managers and subordinate executives.",227
1113,Legislators,4,"Legislators represent the interests of people in constituencies as elected members of national, state and territory parliaments and local government authorities.",161
1211,Aquaculture Farmers,4,"Aquaculture Farmers plan, organise, control, coordinate and perform farming operations to breed and raise fish and other aquatic stock.",135
1212,Crop Farmers,4,"Crop Farmers plan, organise, control, coordinate and perform farming operations to grow crops.",94
1213,Livestock Farmers,4,"Livestock Farmers plan, organise, control, coordinate and perform farming operations to breed and raise livestock.",114
1214,Mixed Crop and Livestock Farmers,4,"Mixed Crop and Livestock Farmers plan, organise, control, coordinate and perform farming operations to both grow crops and to breed and raise livestock.",152
1311,"Advertising, Public Relations and Sales Manager",4,"Advertising, Public Relations and Sales Managers plan, organise, direct, control and coordinate advertising, public relations, sales and marketing activities within organisations.",179
1321,Corporate Services Managers,4,"Corporate Services Managers plan, organise, direct, control and coordinate the overall administration of organisations.",119
1322,Finance Managers,4,"Finance Managers plan, organise, direct, control and coordinate the financial and accounting activities within organisations.",125
1323,Human Resource Managers,4,"Human Resource Managers plan, organise, direct, control and coordinate the human resource and workplace relations activities within organisations.",146
1324,Policy and Planning Managers,4,"Policy and Planning Managers plan, organise, direct, control and coordinate policy advice and strategic planning within organisations.",134
1325,Research and Development Managers,4,"Research and Development Managers plan, organise, direct, control and coordinate research and development activities within organisations.",138
1331,Construction Managers,4,"Construction Managers plan, organise, direct, control and coordinate the construction of civil engineering projects, buildings and dwellings, and the physical and human resources involved in building and construction.",217
1332,Engineering Managers,4,"Engineering Managers plan, organise, direct, control and coordinate the engineering and technical operations of organisations.",126
1333,"Importers, Exporters and Wholesalers",4,"Importers, Exporters and Wholesalers plan, organise, direct, control and coordinate the operations of importing, exporting and wholesaling establishments.",154
1334,Manufacturers,4,"Manufacturers plan, organise, direct, control and coordinate the operations of small manufacturing establishments.",114
1335,Production Managers,4,"Production Managers plan, organise, direct, control and coordinate the production activities of forestry, manufacturing and mining organisations including physical and human resources.",184
1336,"Supply, Distribution and Procurement Managers",4,"Supply, Distribution and Procurement Managers plan, organise, direct, control and coordinate the supply, storage and distribution of goods, products and services produced and used by organisations.",197
1341,Child Care Centre Managers,4,"Child Care Centre Managers plan, organise, direct, control and coordinate the activities of childcare centres and services including physical and human resources.",162
1342,Health and Welfare Services Managers,4,"Health and Welfare Services Managers plan, organise, direct, control and coordinate the professional and administrative aspects of health and welfare programs and services.",172
1343,School Principals,4,"School Principals plan, organise, direct, control and coordinate the educational and administrative aspects of primary, middle or intermediate, and secondary schools including physical and human resources.",205
1344,Other Education Managers,4,"Other Education Managers plan, organise, direct, control and coordinate educational policy, and provide advice and educational and administrative support to staff and students in educational institutions.",204
1351,ICT Managers,4,"ICT Managers plan, organise, direct, control and coordinate the acquisition, development, maintenance and use of computer and telecommunication systems within organisations.",173
1391,Commissioned Officers (Management),4,"Commissioned Officers (Management) provide high level management to support the running of organisational, geographical and operational units and sections within the defence forces and fire and police services.",210
1392,Senior Non-Commissioned Defence Force Officers,4,Senior Non-Commissioned Defence Force Members implement and enforce directives of commissioned officers of the Australian and New Zealand Defence Forces.,153
1399,Other Specialist Managers,4,"Other Specialist Managers includes occupations such as Arts Administrators or Managers, Environmental Managers, Laboratory Managers, Quality Assurance Managers and Sports Administrators.",186
1411,Cafe and Restaurant Managers,4,"Cafe and Restaurant Managers organise and control the operations of cafes, restaurants and related establishments to provide dining and catering services.",154
1412,Caravan Park and Camping Ground Managers,4,Caravan Park and Camping Ground Managers organise and control the operations of caravan parks and camping grounds to provide accommodation and leisure services.,160
1413,Hotel and Motel Managers,4,"Hotel and Motel Managers organise and control the operations of hotels and motels to provide guest accommodation, meals and other services.",139
1414,Licensed Club Managers,4,"Licensed Club Managers organise and control the operations of licensed clubs to provide food, beverages, gaming, entertainment, sporting and other amenities for members.",169
1419,Other Accommodation and Hospitality Managers,4,Other Accommodation and Hospitality Managers includes occupations such as Bed and Breakfast Operators and Retirement Village Managers.,134
1421,Retail Managers,4,Retail Managers organise and control the operations of establishments which provide retail services.,100
1491,"Amusement, Fitness and Sports Centre Managers",4,"Amusement, Fitness and Sports Centre Managers organise, control and promote the activities, facilities and resources of amusement, fitness and sports centres.",158
1492,"Call, Contact Centre and Customer Service Managers",4,"Call or Contact Centre and Customer Service Managers organise and control the operations of call or contact centres, review customer services, and maintain sound customer relations.",181
1493,Conference and Event Organisers,4,"Conference and Event Organisers organise and coordinate services for conferences, events, functions, banquets and seminars.",123
1494,Transport Services Managers,4,"Transport Services Managers organise and control the buying and selling of vehicles for rental agencies and coordinate the leasing of vehicles, the operations of railway stations, and the operations of enterprises that operate fleets of vehicles to transport goods and passengers.",280
1499,"Other Hospitality, Retail and Service Managers",4,"Other Hospitality, Retail and Service Managers includes occupations such as Boarding Kennel or Cattery Operators, Cinema or Theatre Managers, Facilities Managers, Financial Institution Branch Managers and Equipment Hire Managers.",229
2111,"Actors, Dancers and Other Entertainers",4,"Actors, Dancers and Other Entertainers entertain by portraying roles in productions, performing and composing dances, and performing a variety of other acts.",157
2112,Music Professionals,4,"Music Professionals write, arrange, orchestrate, conduct and perform musical compositions.",90
2113,Photographers,4,Photographers operate still cameras to take photographs.,56
2114,Visual Arts and Crafts Professionals,4,"Visual Arts and Crafts Professionals create visual two- and three-dimensional concepts and forms through painting, drawing, carving, sculpting, modelling, printmaking, video, multimedia, found objects, ephemera, soundscapes and other media to communicate concepts and ideas.",274
2121,"Artistic Directors, Media Producers and Presenters",4,"Artistic Directors, and Media Producers and Presenters plan, administer and review activities concerned with producing artistic media, determine artistic policies for performing arts organisations, prepare and present news, sports and other information, and conduct interviews and introduce music, performances and special events on radio and television.",354
2122,"Authors, and Book and Script Editors",4,"Authors, and Book and Script Editors write, edit and evaluate literary works for publication and scripts for film, television, radio and stage productions.",155
2123,"Film, Television, Radio and Stage Directors",4,"Film, Television, Radio and Stage Directors direct the artistic and production aspects of film, television, radio and stage productions.",136
2124,Journalists and Other Writers,4,"Journalists and Other Writers research and compile news stories, write and edit news reports, commentaries and feature stories for presentation in print and electronic media, and compose written material to advertise goods and services.",236
2211,Accountants,4,"Accountants provide services relating to financial reporting, taxation, auditing, insolvency, accounting information systems, budgeting, cost management, planning and decision-making by organisations and individuals; and provide advice on associated compliance and performance requirements to ensure statutory and strategic governance.",335
2212,"Auditors, Company Secretaries and Corporate Treasurers",4,"Auditors, Company Secretaries and Corporate Treasurers conduct audits of accounting systems, procedures and financial statements, manage corporate funding and financial risk, and administer and review corporate compliance activities.",233
2221,Financial Brokers,4,Financial Brokers operate as independent agents to facilitate the trading of commodities and arrange insurance and loans of money on behalf of clients.,151
2222,Financial Dealers,4,Financial Dealers conduct financial market transactions on behalf of clients.,77
2223,Financial Investment Advisers and Managers,4,"Financial Investment Advisers and Managers develop financial plans for individuals and organisations, and invest and manage funds on their behalf.",146
2231,Human Resource Professionals,4,"Human Resource Professionals plan, develop, implement and evaluate staff recruitment, assist in resolving disputes by advising on workplace matters, and represent industrial, commercial, union, employer and other parties in negotiations on issues such as enterprise bargaining, rates of pay and conditions of employment.",320
2232,ICT Trainers,4,"ICT Trainers analyse and evaluate information-based system training needs and objectives, and develop, schedule and conduct ICT-based system training programs and courses.",171
2233,Training and Development Professionals,4,"Training and Development Professionals plan, develop, implement and evaluate training and development programs to ensure management and staff acquire the skills and develop the competencies required by organisations to meet organisational objectives.",250
2241,"Actuaries, Mathematicians and Statisticians",4,"Actuaries, Mathematicians and Statisticians develop and apply actuarial, mathematical, statistical and quantitative principles and techniques to solve problems in a range of fields such as business and finance, scientific and social research, and engineering.",259
2242,"Archivists, Curators and Records Managers",4,"Archivists, Curators and Records Managers develop, maintain, implement and deliver systems for keeping, updating, accessing and preserving records, files, information, historical documents and artefacts.",203
2243,Economists,4,"Economists perform economic research and analysis, develop and apply theories about production and distribution of goods and services and people's spending and financial behaviour, and provide advice to governments and organisations on economic policy issues.",259
2244,Intelligence and Policy Analysts,4,"Intelligence and Policy Analysts collect and analyse information and data to produce intelligence and to develop and analyse policies guiding the design, implementation and modification of government and commercial operations and programs.",239
2245,Land Economists and Valuers,4,"Land Economists and Valuers provide advice on the administration and use of land and property, and assess the value of land, property and other items such as commercial equipment and objects of art.",198
2246,Librarians,4,"Librarians develop, organise and manage library services such as collections of information, recreational resources and reader information services.",148
2247,Management and Organisation Analysts,4,"Management and Organisation Analysts assist organisations to achieve greater efficiency and solve organisational problems, and study organisational structures, methods, systems and procedures.",192
2249,Other Information and Organisation Professionals,4,"Other Information and Organisation Professionals includes occupations such as Electorate Officers, Liaison Officers, Migration Agents and Patents Examiners.",156
2251,Advertising and Marketing Professionals,4,"Advertising and Marketing Professionals develop and coordinate advertising strategies and campaigns, determine the market for new goods and services, and identify and develop market opportunities for new and existing goods and services.",236
2252,ICT Sales Professionals,4,"ICT Sales Professionals manage client accounts and represent companies in selling a range of computer hardware, software and other ICT goods and services to industrial, business, professional and other organisations.",216
2253,Public Relations Professionals,4,"Public Relations Professionals plan, develop, implement and evaluate information and communication strategies that create an understanding and a favourable view of organisations, their goods and services, and their role in the community.",237
2254,Technical Sales Representatives,4,"Technical Sales Representatives represent companies in selling a range of industrial, medical and pharmaceutical goods and services to industrial, business, professional and other establishments.",195
2311,Air Transport Professionals,4,"Air Transport Professionals fly and navigate aircraft, control and direct air traffic to ensure the safe and efficient operation of aircraft in flight and on the ground, and instruct students in flying aircraft.",211
2312,Marine Transport Professionals,4,"Marine Transport Professionals control and manage the operations of ships, boats and marine equipment.",102
2321,Architects and Landscape Architects,4,"Architects and Landscape Architects design commercial, industrial, institutional, residential and recreational buildings and landscapes.",136
2322,Surveyors and Spatial Scientists,4,"Surveyors and Spatial Scientists plan, direct and conduct survey work to determine and delineate boundaries and features of tracts of land, marine floors and underground works, prepare and revise maps, charts and other geographic products, and analyse, present and maintain geographical information about locations in space and time.",333
2323,"Fashion, Industrial and Jewellery Designers",4,"Fashion, Industrial and Jewellery Designers plan, design, develop and document products for manufacture and prepare designs and specifications of products for mass, batch and one-off production.",194
2324,"Graphic and Web Designers, and Illustrators",4,"Graphic and Web Designers, and Illustrators design information for visual and audio communication, publication and display using print, film, electronic, digital and other forms of visual and audio media.",204
2325,Interior Designers,4,"Interior Designers plan, design, detail and supervise the construction of commercial, industrial, retail and residential building interiors to produce an environment tailored to a purpose, with particular emphasis on space creation, space planning, and factors that enhance living and working environments.",306
2326,Urban and Regional Planners,4,"Urban and Regional Planners develop and implement plans and policies for the controlled use of urban and rural land, and advise on economic, environmental and social factors affecting land use.",193
2331,Chemical and Materials Engineers,4,"Chemical and Materials Engineers design and prepare specifications for chemical process systems and the construction and operation of commercial-scale chemical plants, supervise industrial processing and fabrication of products undergoing physical and chemical change, and investigate the properties of metals, ceramics, polymers and other materials and assess and develop their engineering and commercial applications.",419
2332,Civil Engineering Professionals,4,"Civil Engineering Professionals design, plan, organise and oversee the construction of civil engineering projects such as dams, bridges, pipelines, gas and water supply schemes, sewerage systems, roads, airports and other structures; analyse the likely behaviour of soil and rock when placed under pressure by proposed structures and design structural foundations; analyse the statical properties of all types of structures and test the behaviour and durability of materials used in their construction; plan and develop transportation systems; and estimate and monitor the construction costs of projects.",604
2333,Electrical Engineers,4,"Electrical Engineers design, develop and supervise the manufacture, installation, operation and maintenance of equipment, machines and systems for the generation, distribution, utilisation and control of electric power.",219
2334,Electronics Engineers,4,"Electronics Engineers design, develop, adapt, install, test and maintain electronic components, circuits and systems used for computer systems, communication systems, entertainment, transport and other industrial applications.",226
2335,"Industrial, Mechanical and Production Engineers",4,"Industrial, Mechanical and Production Engineers design, organise and oversee the construction, operation and maintenance of mechanical and process plant and installations, establish programs for the coordination of manufacturing activities, and ensure usage of resources is cost effective.",289
2336,Mining Engineers,4,"Mining Engineers plan and direct the engineering aspects of locating and extracting minerals, petroleum and natural gas from the earth.",135
2339,Other Engineering Professionals,4,"Other Engineering Professionals includes occupations such as Aeronautical Engineers, Agricultural Engineers, Biomedical Engineers, Engineering Technologists, Environmental Engineers and Naval Architects.",203
2341,Agricultural and Forestry Scientists,4,"Agricultural and Forestry Scientists advise farmers, rural industries and government on aspects of farming, develop techniques for increasing productivity, and study and develop plans and policies for the management of forest areas.",232
2342,"Chemists, and Food and Wine Scientists",4,"Chemists, and Food and Wine Scientists study the chemical and physical properties of substances, develop and monitor chemical processes and production, develop new and improve existing food products, and plan and coordinate the production of wine and spirits.",259
2343,Environmental Scientists,4,"Environmental Scientists study, develop, implement and advise on policies and plans for managing and protecting the environment, flora, fauna and other natural resources.",170
2344,"Geologists, Geophysicists and Hydrogeologists",4,"Geologists, Geophysicists and Hydrogeologists study the composition, structure and other physical attributes of the earth, locate and advise on the extraction of minerals, petroleum and ground water, and detect, monitor and forecast seismic, magnetic, electrical, thermal and oceanographic activity. Geographers are not included here, they are included in Social Professionals.",377
2345,Life Scientists,4,"Life Scientists examine the anatomy, physiology and biochemistry of humans, animals, plants and other living organisms to better understand how living organisms function and interact with each other and the environment in which they live.",238
2346,Medical Laboratory Scientists,4,"Medical Laboratory Scientists conduct medical laboratory tests to assist in the diagnosis, treatment and prevention of disease.",127
2347,Veterinarians,4,"Veterinarians diagnose, treat and prevent animal diseases, ailments and injuries.",81
2349,Other Natural and Physical Science Professionals,4,"Other Natural and Physical Science Professionals includes occupations such as Conservators, Metallurgists, Meteorologists and Physicists.",137
2411,Early Childhood (Pre-primary School) Teachers,4,"Early Childhood (Pre-Primary School) Teachers teach the basics of numeracy, literacy, music, art and literature to early childhood (pre-primary) students and promote students' social, emotional, intellectual and physical development.",233
2412,Primary School Teachers,4,"Primary School Teachers teach a range of subjects within a prescribed curriculum to primary school students and promote students' social, emotional, intellectual and physical development.",187
2413,Middle School Teachers,4,"Middle School Teachers teach one or more subjects within a prescribed curriculum to middle school or intermediate school students and promote students' social, emotional, intellectual and physical development.",209
2414,Secondary School Teachers,4,"Secondary School Teachers teach one or more subjects within a prescribed curriculum to secondary school students and promote students' social, emotional, intellectual and physical development.",192
2415,Special Education Teachers,4,"Special Education Teachers teach primary, middle or intermediate, and secondary school students with learning difficulties, hearing impairment and sight impairment, and promote students' social, emotional, intellectual and physical development.",244
2421,University Lecturers and Tutors,4,University Lecturers and Tutors prepare and deliver lectures and conduct tutorials in one or more subjects within a prescribed course of study at a university and conduct research in a particular field of knowledge.,215
2422,Vocational Education Teachers,4,"Vocational Education Teachers teach one or more subjects within a prescribed course of study at technical and further education (TAFE) institutes, polytechnics and other training institutes to tertiary students for vocational education and training purposes.",258
2491,Education Advisers and Reviewers,4,"Education Advisers and Reviewers conduct educational research, develop course curricula and associated teaching materials for use by educational institutions, and review and examine the work of teachers and the results from curriculum programs in school settings.",263
2492,Private Tutors and Teachers,4,"Private Tutors and Teachers teach students in the practice, theory and performance of subjects, such as art, dance, drama and music, in private training establishments.",168
2493,Teachers of English to Speakers of Other Languages,4,Teachers of English to Speakers of other Languages teach classes in English to students whose first language is a language other than English.,142
2511,Nutrition Professionals,4,Nutrition Professionals apply the science of human nutrition to assist people to attain better health and to help prevent and treat various illnesses and diseases.,163
2512,Medical Imaging Professionals,4,"Medical Imaging Professionals operate X-ray and other radiation producing and imaging equipment for diagnostic, monitoring and treatment purposes under the direction of Radiologists and other Medical Practitioners.",214
2513,Occupational and Environmental Health Professionals,4,"Occupational and Environmental Health Professionals develop, implement and evaluate policies and programs to monitor environmental health and occupational health and safety and related legislation to ensure safe and healthy working conditions, and assist injured staff through the workers' compensation and rehabilitation process.",330
2514,Optometrists and Orthoptists,4,"Optometrists and Orthoptists perform eye examinations and vision tests, prescribe lenses, other optical aids and therapy, and diagnose and manage eye movement disorders and associated sensory problems.",201
2515,Pharmacists,4,"Pharmacists ensure safe and quality use of medicines, and optimise health outcomes by contributing to selecting, prescribing, monitoring and evaluating medicine therapy, and researching, testing and developing pharmaceuticals and medical products.",247
2519,Other Health Diagnostic and Promotion Professionals,4,Other Health Diagnostic and Promotion Professionals includes occupations such as Health Promotion Officers and Orthotists or Prosthetists.,138
2521,Chiropractors and Osteopaths,4,"Chiropractors and Osteopaths diagnose and treat physiological and mechanical disorders of the locomotor system and tissue strain, stress and dysfunction that impede normal neural, vascular and biochemical mechanisms, and provide advice on preventing these disorders.",266
2522,Complementary Health Therapists,4,"Complementary Health Therapists treat patients with physical, mental, spiritual and emotional needs by considering the whole person rather than focusing on specific symptoms and by using various therapies, techniques and practices.",231
2523,Dental Practitioners,4,"Dental Practitioners diagnose and treat dental disease, restore normal oral function using a broad range of treatments, such as surgery and other specialist techniques, and advise on oral health.",195
2524,Occupational Therapists,4,"Occupational Therapists assess functional limitations of people resulting from illnesses and disabilities, and provide therapy to enable people to perform their daily activities and occupations.",194
2525,Physiotherapists,4,"Physiotherapists assess, treat and prevent disorders in human movement caused by injury or disease.",99
2526,Podiatrists,4,"Podiatrists prevent, diagnose and treat disorders of the feet.",62
2527,Audiologists and Speech Pathologists \ Therapists,4,"Audiologists and Speech Pathologists provide diagnostic assessment, treatment, rehabilitative services and management of human hearing defects, and communication and swallowing impairments.",189
2531,General Practitioners and Resident Medical Officers,4,"General Practitioners and Resident Medical Officers diagnose and treat physical and mental illnesses, disorders and injuries, recommend preventative action and refer patients to specialist Medical Practitioners, other health care workers, and social, welfare and support workers.",279
2532,Anaesthetists,4,"Anaesthetists provide direct medical care to patients requiring general or local anaesthesia for surgical, diagnostic and other procedures such as prevention of pain and maintenance of body function. Anaesthetic Registrars training as Anaesthetists are included here.",267
2533,Specialist Physicians,4,"Specialist Physicians diagnose and treat internal human disorders and diseases using specialist testing, diagnostic and medical techniques. Medical Registrars training as Specialist Physicians are included here.",211
2534,Psychiatrists,4,"Psychiatrists diagnose, assess, treat and prevent human mental, emotional and behavioural disorders. Psychiatric Registrars training as Psychiatrists are included here.",168
2535,Surgeons,4,"Surgeons perform surgery to correct deformities, repair injuries, prevent and treat diseases, and improve human functioning and appearance. Medical Registrars training as Surgeons are included here.",198
2539,Other Medical Practitioners,4,"Other Medical Practitioners includes occupations such as Dermatologists, Emergency Medicine Specialists, Obstetricians and Gynaecologists, Ophthalmologists, Pathologists, Diagnostic and Interventional Radiologists, and Radiation Oncologists. Medical Registrars training in these specialties are included here.",309
2541,Midwives,4,"Midwives provide care and advice to women during pregnancy, labour and childbirth, and postnatal care for women and babies in a range of settings such as the home, community, hospitals, clinics and health units.",211
2542,Nurse Educators and Researchers,4,"Nurse Educators and Researchers provide clinical and theoretical education to and promote professional development of nurses and midwives, and conduct research into nursing practice.",182
2543,Nurse Managers,4,"Nurse Managers manage health service units and sub-units of hospitals, aged care and community health care facilities, supervise nursing staff and financial resources to enable the provision of safe, cost effective nursing care within specified fields or for particular units, and monitor quality, clinical standards and professional development of nurses.",356
2544,Registered Nurses,4,"Registered Nurses provide nursing care to patients in hospitals, aged care and other health care facilities, and in the community.",130
2611,ICT Business and Systems Analysts,4,"ICT Business and Systems Analysts work with users to formulate system requirements, develop system plans and documentation, review and evaluate existing systems, and design and modify systems to meet users' business needs.",222
2612,Multimedia Specialists and Web Developers,4,"Multimedia Specialists and Web Developers create computer animation, audio, video and graphic image files for multimedia presentations, games, motion pictures, CD-ROMs, information kiosks and the web, and plan, produce and maintain websites and web applications using web programming, scripting, authoring, content management and file transfer software.",353
2613,Software and Applications Programmers,4,"Software and Applications Programmers design, develop, test, maintain and document program code in accordance with user requirements, and system and technical specifications.",174
2621,"Database and Systems Administrators, and ICT Security Specialists",4,"Database and Systems Administrators, and ICT Security Specialists plan, develop, maintain, manage and administer organisations' database management systems, operating systems and security policies and procedures to ensure optimal database and system integrity, security, backup, reliability and performance.",307
2631,Computer Network Professionals,4,"Computer Network Professionals research, analyse and recommend strategies for network architecture and development, implement, manage, maintain and configure network hardware and software, and monitor and optimise performance, and troubleshoot and provide user support.",269
2632,ICT Support and Test Engineers,4,"ICT Support and Test Engineers develop procedures and strategies to support, create, maintain and manage technical quality assurance processes and guidelines and systems infrastructure, investigate, analyse and resolve system problems and performance issues, and test the behaviour, functionality and integrity of systems.",322
2633,Telecommunications Engineering Professionals,4,"Telecommunications Engineering Professionals design, construct, install, service and support telecommunications equipment, systems and facilities.",146
2711,Barristers,4,"Barristers plead cases before civil, criminal and industrial courts and other tribunals.",88
2712,Judicial and Other Legal Professionals,4,"Judicial and Other Legal Professionals hear legal and other matters in courts and tribunals; interpret, analyse, administer and provide advice on the law; and draft legislation.",177
2713,Solicitors,4,"Solicitors provide legal advice, prepare and draft legal documents, and conduct negotiations on behalf of clients on matters associated with the law.",149
2721,Counsellors,4,"Counsellors provide information on vocational, relationship, social and educational difficulties and issues, and work with people to help them to identify and define their emotional issues through therapies such as cognitive behaviour therapy, interpersonal therapy and other talking therapies.",294
2722,Ministers of Religion,4,"Ministers of Religion perform spiritual functions associated with beliefs and practices of religious faiths, and provide motivation, guidance and training in religious life for the people of congregations and parishes, and the wider community.",243
2723,Psychologists and Psychotherapists,4,"Psychologists and Psychotherapists investigate, assess and provide treatment and counselling to foster optimal personal, social, educational and occupational adjustment and development.",185
2724,Social Professionals,4,"Social Professionals research and study human behaviour, society and institutions from current and historical perspectives, and verbally render spoken statements, and transcribe text and recorded spoken material from one language into another.",243
2725,Social Workers,4,"Social Workers assess the social needs of individuals, families and groups, assist and empower people to develop and use the skills and resources needed to resolve social and other problems, and further human wellbeing and human rights, social justice and social development.",275
2726,"Welfare, Recreation and Community Arts Workers",4,"Welfare, Recreation and Community Arts Workers design and implement strategies and programs to meet community and individual needs and assist individuals, families and groups with social, emotional and financial difficulties to improve quality of life by educating and supporting them and working towards change in their social environment.",340
3111,Agricultural Technicians,4,"Agricultural Technicians perform tests and experiments, and provide technical support to assist Agricultural Scientists in areas such as research, production, servicing and marketing.",183
3112,Medical Technicians,4,"Medical Technicians operate anaesthetic, cardiac, operating theatre and medical testing equipment, perform and assist with laboratory tests, and fill prescriptions in support of Health Professionals.",199
3113,Primary Products Inspectors,4,"Primary Products Inspectors inspect animals, plants and agricultural produce and facilities to ensure compliance with government and industry standards with respect to quality, health and licensing.",198
3114,Science Technicians,4,"Science Technicians perform tests and experiments, and provide technical support functions to assist with research, design, production and teaching in chemistry, earth sciences, life sciences, and physical sciences.",215
3121,"Architectural, Building and Surveying Technicians",4,"Architectural, Building and Surveying Technicians perform technical functions to assist Construction Managers, Architects and Surveyors by supervising and inspecting construction sites, estimating time, costs and resources, inspecting plumbing work, and collecting and evaluating survey data and preparing maps and plans.",321
3122,Civil Engineering Draftspersons and Technicians,4,"Civil Engineering Draftspersons and Technicians assist in civil engineering research, design, construction, operations and maintenance.",135
3123,"Electrical Engineering Draftspersons, Technicians",4,"Electrical Engineering Draftspersons and Technicians assist in electrical engineering research, design, manufacture, assembly, construction, operation and maintenance of equipment, facilities and distribution systems.",217
3124,"Electronic Engineering Draftspersons, Technicians",4,"Electronic Engineering Draftspersons and Technicians assist in electronic engineering research, design, manufacture, assembly, construction, operation and maintenance of equipment, facilities and distribution systems.",217
3125,"Mechanical Engineering Draftspersons, Technicians",4,"Mechanical Engineering Draftspersons and Technicians assist in mechanical engineering research, design, manufacture, construction, operation and maintenance of machines, manufacturing equipment, mechanical installations and facilities.",235
3126,Safety Inspectors,4,"Safety Inspectors inspect machines, equipment, working conditions and public places to ensure compliance with government and industry standards and regulations, in relation to occupational health and safety.",207
3129,Other Building and Engineering Technicians,4,"Other Building and Engineering Technicians includes occupations such as Maintenance Planners, Metallurgical or Materials Technicians, and Mine Deputies.",152
3131,ICT Support Technicians,4,ICT Support Technicians provide support for the deployment and maintenance of computer infrastructure and web technology and the diagnosis and resolution of technical problems.,176
3132,Telecommunications Technical Specialists,4,"Telecommunications Technical Specialists develop, monitor and carry out technical support functions for telecommunications networks and install computer equipment, computer systems and microwave, telemetry, multiplexing, satellite and other radio and electromagnetic wave communication systems.",294
3211,Automotive Electricians,4,"Automotive Electricians install, maintain and repair electrical wiring and electronic components in motor vehicles.",115
3212,Motor Mechanics,4,"Motor Mechanics repair, maintain and test motor vehicle and other internal combustion engines and related mechanical components.",128
3221,"Metal Casting, Forging and Finishing Trades",4,"Metal Casting, Forging and Finishing Trades Workers fabricate mould patterns and form sand moulds and cores for the production of metal castings, heat and hammer metal into shape, and make, repair, coat and polish metal parts and articles.",239
3222,Sheetmetal Trades Workers,4,"Sheetmetal Trades Workers mark out, shape, form and join sheetmetal and other materials to make products and components.",120
3223,Structural Steel and Welding Trades Workers,4,"Structural Steel and Welding Trades Workers cut, shape, join and repair metal components of iron and steel structures, boilers, pressure vessels and pipes, ships and other vessels.",180
3231,Aircraft Maintenance Engineers,4,"Aircraft Maintenance Engineers maintain and repair aircraft structures, and avionic and mechanical systems.",107
3232,Metal Fitters and Machinists,4,"Metal Fitters and Machinists fit and assemble fabricated metal parts into products, set up machining tools, production machines and textile machines, and operate machining tools and machines to shape metal stock and castings.",225
3233,Precision Metal Trades Workers,4,"Precision Metal Trades Workers fabricate, assemble, maintain and repair metal precision instruments.",100
3234,Toolmakers and Engineering Patternmakers,4,"Toolmakers and Engineering Patternmakers make and repair tools, dies, jigs, fixtures and other precision parts and equipment to fine tolerances for machine tools and other production machinery, and construct full-size engineering, visual and experimental models and models for the manufacture of prototype developmental products.",329
3241,Panelbeaters,4,"Panelbeaters repair damage to metal, fibreglass and plastic body work on vehicles, and form replacement vehicle panels.",119
3242,Vehicle Body Builders and Trimmers,4,"Vehicle Body Builders and Trimmers manufacture and repair prototype production units and purpose-built vehicle bodies, and install, repair and replace the interior trim of vehicles.",181
3243,Vehicle Painters,4,"Vehicle Painters prepare surfaces of vehicles, match and mix colours and apply paint.",85
3311,Bricklayers and Stonemasons,4,"Bricklayers and Stonemasons lay bricks, pre-cut stones and other types of building blocks in mortar to construct and repair walls, partitions, arches and other structures, and cut and shape hard and soft stone blocks and masonry slabs for the construction and renovation of stone structures and monumental masonry.",314
3312,Carpenters and Joiners,4,"Carpenters and Joiners construct, erect, install, renovate and repair structures and fixtures made of wood, plywood, wallboard and other materials, and cut, shape and fit timber parts to form structures and fittings.",216
3321,Floor Finishers,4,"Floor Finishers measure, cut, install and repair soft and resilient floor coverings.",84
3322,Painting Trades Workers,4,"Painting Trades Workers apply paint, varnish, wallpaper and other finishes to protect, maintain and decorate surfaces of buildings and structures.",146
3331,Glaziers,4,"Glaziers measure, cut, finish, fit and install flat glass and mirrors.",70
3332,Plasterers,4,"Plasterers apply and fix plasterboard partitions, suspended ceilings, fire rating systems, acoustic tiles, and composite wall linings to buildings, and apply decorative and protective coverings of plaster, cement and similar materials to the interiors and exteriors of structures.",280
3333,Roof Tilers,4,"Roof Tilers cover roofs with tiles, sheets and shingles to form a waterproof surface.",85
3334,Wall and Floor Tilers,4,"Wall and Floor Tilers lay ceramic, clay, slate, marble and glass tiles on external and internal walls and floors to provide protective and decorative finishes.",159
3341,Plumbers,4,"Plumbers install, maintain and repair pipes, drains, guttering and metal roofing, mechanical services and related equipment for water supply, gas, drainage, sewerage, heating, cooling and ventilation systems.",208
3411,Electricians,4,"Electricians design, assemble, install, test, commission, diagnose, maintain and repair electrical networks, systems, circuits, equipment, components, appliances and facilities for industrial, commercial and domestic purposes, and service and repair lifts, escalators and related equipment.",290
3421,Airconditioning and Refrigeration Mechanics,4,"Airconditioning and Refrigeration Mechanics assemble, install, maintain and repair industrial, commercial and domestic airconditioning and refrigeration systems and equipment.",175
3422,Electrical Distribution Trades Workers,4,"Electrical Distribution Trades Workers prepare, install, repair, maintain and patrol electric power distribution networks.",122
3423,Electronics Trades Workers,4,"Electronics Trades Workers maintain, adjust and repair electronic equipment such as business machines, video and audio equipment, and electronic instruments and control systems, and transmit and receive radio messages.",218
3424,Telecommunications Trades Workers,4,"Telecommunications Trades Workers install, maintain and repair data transmission equipment, aerial lines, conduits, cables, radio antennae and telecommunications equipment and appliances.",187
3511,Bakers and Pastrycooks,4,"Bakers and Pastrycooks prepare and bake bread loaves and rolls, buns, cakes, biscuits and pastry goods.",103
3512,Butchers and Smallgoods Makers,4,"Butchers and Smallgoods Makers select, cut, trim, prepare and arrange meat for sale and supply, operate meat and smallgoods processing machines, and manage the processes in the production of smallgoods.",202
3513,Chefs,4,Chefs plan and organise the preparation and cooking of food in dining and catering establishments.,98
3514,Cooks,4,"Cooks prepare, season and cook food in dining and catering establishments.",74
3611,Animal Attendants and Trainers,4,"Animal Attendants and Trainers train, feed, groom and care for animals.",71
3612,Shearers,4,"Shearers remove wool and hair from sheep, goats, alpacas and other animals.",75
3613,Veterinary Nurses,4,Veterinary Nurses care for animals under treatment and in temporary residence at veterinary facilities and assist Veterinarians to perform procedures and operations.,165
3621,Florists,4,Florists prepare and sell floral arrangements.,46
3622,Gardeners,4,"Gardeners plant, cultivate, maintain, plan and construct parks, gardens and landscapes, and inspect, diagnose and treat trees and shrubs.",137
3623,Greenkeepers,4,"Greenkeepers establish and maintain fine turf, grassed areas and synthetic surfaces used for sporting events.",109
3624,Nurserypersons,4,"Nurserypersons propagate and cultivate trees, shrubs, and ornamental and flowering plants in plant nurseries.",109
3911,Hairdressers,4,"Hairdressers cut, style, colour, straighten and permanently wave hair, and treat hair and scalp conditions.",107
3921,Print Finishers and Screen Printers,4,"Print Finishers and Screen Printers bind books and other publications, finish printed products by hand and machine, prepare stencils, and set up and operate power-driven and hand-operated screen print equipment.",211
3922,Graphic Pre-press Trades Workers,4,"Graphic Pre-Press Trades Workers manipulate, set and compose text and graphics into a format suitable for printing and other visual media.",138
3923,Printers,4,"Printers set up and operate letterpress, lithographic, flexographic, gravure, newspaper, instant, digital and offset printing presses.",134
3931,Canvas and Leather Goods Makers,4,"Canvas and Leather Goods Makers make and repair boots, shoes, leather goods, canvas and sailcloth articles, and related products.",129
3932,Clothing Trades Workers,4,"Clothing Trades Workers prepare and cut garment patterns and fabric, and make and repair garments.",98
3933,Upholsterers,4,"Upholsterers make, rebuild and repair upholstered articles such as chairs, sofas, beds and mattresses.",102
3941,Cabinetmakers,4,"Cabinetmakers fabricate and repair wooden furniture, and fit and assemble prepared wooden parts to make furniture.",114
3942,Wood Machinists and Other Wood Trades Workers,4,"Wood Machinists and Other Wood Trades Workers set up and operate woodworking machines and wood turning lathes to shape wood stock, finish and polish furniture, and make picture frames and frame paintings, photographs and other artwork.",235
3991,Boat Builders and Shipwrights,4,"Boat Builders and Shipwrights construct, fit out and repair boats and ships.",76
3992,"Chemical, Gas, Petroleum and Power Plant Operators",4,"Chemical, Gas, Petroleum and Power Generation Plant Operators control the operation of chemical production equipment, pump gas and oil from wellheads, refine and process petroleum products, and operate boilers, turbogenerators and associated plant to generate electrical power.",277
3993,"Gallery, Library and Museum Technicians",4,"Gallery, Library and Museum Technicians prepare artworks, specimens and artefacts for collections, arrange and construct gallery exhibits, and assist Librarians to organise and operate systems for handling recorded material and files.",234
3994,Jewellers,4,"Jewellers make and repair jewellery such as rings, brooches, chains and bracelets, craft objects out of precious metals, and cut, shape and polish rough gemstones to produce fashion and industrial jewels.",204
3995,Performing Arts Technicians,4,"Performing Arts Technicians provide technical and other assistance for the production, recording and broadcasting of artistic performances.",139
3996,Signwriters,4,"Signwriters design, fabricate and paint signs for displays, buildings, hoardings, boats and structures.",103
3999,Other Miscellaneous Technicians and Trades Workers,4,"Other Technicians and Trades Workers includes a wide variety of occupations such as Divers, Interior Decorators, Optical Dispensers, Optical Mechanics, Photographer's Assistants, Plastics Technicians, Wool Classers and Fire Protection Equipment Technicians.",257
4111,Ambulance Officers and Paramedics,4,"Ambulance Officers and Paramedics provide emergency health care and transport for injured, sick, infirm and aged persons to medical facilities.",143
4112,"Dental Hygienists, Technicians and Therapists",4,"Dental Hygienists, Technicians and Therapists provide supportive dental services in preventative and restorative dental procedures, and construct and repair dental appliances.",175
4113,Diversional Therapists,4,"Diversional Therapists plan, design, coordinate and implement recreation and leisure-based activity programs to support, challenge and enhance the psychological, spiritual, social, emotional and physical wellbeing of individuals.",229
4114,Enrolled and Mothercraft Nurses,4,"Enrolled and Mothercraft Nurses provide nursing care to patients in hospitals, aged care and other health care facilities and in the community, and assist parents in providing care to newborn infants under the supervision of a Registered Nurse or Midwife.",255
4115,Indigenous Health Workers,4,Indigenous Health Workers assist with the coordination and provision of health care delivery to Indigenous communities.,119
4116,Massage Therapists,4,"Massage Therapists perform therapeutic massage and administer body treatments for health, fitness and remedial purposes.",120
4117,Welfare Support Workers,4,"Welfare Support Workers provide support, information and advice to clients on emotional, financial, recreational, health, housing and other social welfare matters, and evaluate and coordinate the services of welfare and community service agencies.",247
4211,Child Carers,4,Child Carers provide care and supervision for children in residential homes and non-residential childcare centres.,114
4221,Education Aides,4,"Education Aides perform non-teaching duties to assist teaching staff in schools, provide care and supervision for children in preschools, and provide assistance to Aboriginal, Torres Strait Islander and Maori students and their teachers.",237
4231,Aged and Disabled Carers,4,"Aged and Disabled Carers provide general household assistance, emotional support, care and companionship for aged and disabled persons in their own homes.",154
4232,Dental Assistants,4,"Dental Assistants prepare patients for dental examination and assist Dental Practitioners, Hygienists and Therapists in providing care and treatment.",149
4233,Nursing Support and Personal Care Workers,4,"Nursing Support and Personal Care Workers provide assistance, support and direct care to patients in a variety of health, welfare and community settings.",153
4234,Special Care Workers,4,"Special Care Workers provide care and supervision for children and young people in residential and institutional facilities, and provide care and support to people in refuges.",175
4311,Bar Attendants and Baristas,4,"Bar Attendants and Baristas prepare, mix and serve alcoholic and non-alcoholic drinks to patrons in bars in licensed establishments, and prepare and serve espresso coffee and other hot beverages to patrons in cafes, coffee shops and dining establishments.",255
4312,Cafe Workers,4,Cafe Workers sell and serve food and beverages for consumption on premises in cafes and similar establishments.,111
4313,Gaming Workers,4,Gaming Workers provide gaming services within casinos and other gambling establishments.,88
4314,Hotel Service Managers,4,Hotel Service Managers supervise and coordinate the activities of hotel service workers.,88
4315,Waiters,4,"Waiters serve food and beverages in hotels, restaurants, clubs and dining establishments.",89
4319,Other Hospitality Workers,4,"Other Hospitality Workers includes a number of jobs like Bar Usefuls or Bussers, and Doorpersons or Luggage Porters.",116
4411,Defence Force Members - Other Ranks,4,Defence Force Members - Other Ranks provide specialised military services to the Australian and New Zealand Defence Forces.,123
4412,Fire and Emergency Workers,4,Fire and Emergency Workers attend emergencies to minimise risk to community safety and security and protect life and property.,126
4413,Police,4,"Police protect and preserve property, public order and safety through the enforcement of laws.",94
4421,Prison Officers,4,Prison Officers supervise and control the activities of inmates in prisons and other correctional institutions.,111
4422,Security Officers and Guards,4,Security Officers and Guards provide security and investigative services to organisations and individuals.,106
4511,Beauty Therapists,4,"Beauty Therapists provide skin analyses, facial therapies, skin-care treatments and body treatments such as massage to clients.",127
4512,Driving Instructors,4,Driving Instructors instruct individuals and groups in the theory and application of driving motor vehicles.,108
4513,Funeral Workers,4,"Funeral Workers prepare bodies for viewing and burial, arrange and conduct funerals, and perform other specialist funereal services.",132
4514,"Gallery, Museum and Tour Guides",4,"Gallery, Museum and Tour Guides direct and guide visitors in galleries and museums, and escort visitors on sightseeing, educational and other tours.",148
4515,Personal Care Consultants,4,"Personal Care Consultants provide personal care services, such as natural relaxation and health treatments, and weight loss advice.",131
4516,Tourism and Travel Advisers,4,"Tourism and Travel Advisers plan and organise travel and accommodation for clients, and provide travel and accommodation information to tourists.",145
4517,Travel Attendants,4,"Travel Attendants provide services for the safety and comfort of passengers in aircraft, ships and railway sleeping cars.",121
4518,Other Personal Service Workers,4,"Other Personal Service Workers includes occupations such as Civil Celebrants, Hair or Beauty Salon Assistants, Body Artists, First Aid Trainers and Religious Assistants.",169
4521,Fitness Instructors,4,"Fitness Instructors direct, instruct and guide individuals and groups in the pursuit of physical fitness and wellbeing.",119
4522,Outdoor Adventure Guides,4,"Outdoor Adventure Guides direct, instruct and guide individuals and groups in outdoor adventure activities such as bungy jumping, fishing and hunting, mountaineering, trekking and whitewater rafting.",199
4523,"Sports Coaches, Instructors and Officials",4,"Sports Coaches, Instructors and Officials coach, train and instruct participants in sports, and officiate at sporting events.",125
4524,Sportspersons,4,Sportspersons participate in sporting events for monetary gain either as individuals or as members of a team.,109
5111,"Contract, Program and Project Administrators",4,"Contract, Program and Project Administrators plan and undertake administration of contracts, organisational programs, special projects and support services.",156
5121,Office Managers,4,Office Managers organise and control the functions and resources of offices such as administrative systems and office personnel.,128
5122,Practice Managers,4,Practice Managers organise and control the functions and resources of professional practices such as administrative systems and practice personnel.,147
5211,Personal Assistants,4,"Personal Assistants perform liaison, coordination and organisational tasks in support of Managers and Professionals.",116
5212,Secretaries,4,"Secretaries perform secretarial, clerical and other administrative tasks in support of Managers, Legal Professionals and other professionals.",141
5311,General Clerks,4,General Clerks perform a range of clerical and administrative tasks.,68
5321,Keyboard Operators,4,"Keyboard Operators input and process text and data, and prepare, edit and generate documents for storage, processing, publication and transmission.",147
5411,Call or Contact Centre Workers,4,"Call or Contact Centre Workers respond to telephone, Internet and email inquiries and complaints about an organisation's goods and services, and promote the goods and services.",176
5412,Information Officers,4,"Information Officers respond to personal, written and telephone inquiries and complaints about the organisation's goods and services, provide information and refer people to other sources.",188
5421,Receptionists,4,"Receptionists receive and welcome visitors, patients, guests and clients, and respond to inquiries and requests.",112
5511,Accounting Clerks,4,"Accounting Clerks monitor creditor and debtor accounts, undertake related routine documentation, and calculate and investigate the cost of wages, materials, overheads and other operating costs.",193
5512,Bookkeepers,4,Bookkeepers maintain and evaluate records of financial transactions in account books and computerised accounting systems.,121
5513,Payroll Clerks,4,Payroll Clerks prepare payrolls and related records for employee salaries and statutory record-keeping purposes.,112
5521,Bank Workers,4,"Bank Workers receive deposits and pay out money in financial and commercial institutions, keep records of transactions, issue receipts and cash cheques.",152
5522,Credit and Loans Officers,4,"Credit and Loans Officers analyse, evaluate and process credit and loan applications.",85
5523,"Insurance, Money Market and Statistical Clerks",4,"Insurance, Money Market and Statistical Clerks prepare and check documentation associated with insurance, maintain records of securities transactions and registrations, offer odds and accept bets, and compile data and undertake statistical and actuarial computations.",267
5611,Betting Clerks,4,"Betting Clerks take bets from customers at betting agencies, over the telephone and on course.",94
5612,Couriers and Postal Deliverers,4,"Couriers and Postal Deliverers deliver small items such as documents, messages, mail and parcels.",97
5613,Filing and Registry Clerks,4,Filing and Registry Clerks process and handle information and documents to maintain access to and security of database and record management systems.,149
5614,Mail Sorters,4,"Mail Sorters receive, sort and despatch mail in organisations and postal sorting centres.",89
5615,Survey Interviewers,4,Survey Interviewers interview people and record their responses to survey and market research questions on a range of topics.,125
5616,Switchboard Operators,4,"Switchboard Operators operate telecommunication switchboards and consoles to assist callers establish telephone connections, and receive caller inquiries and fault reports.",172
5619,Other Clerical and Office Support Workers,4,"Other Clerical and Office Support Workers includes occupations such as Classified Advertising Clerks, Meter Readers and Parking Inspectors.",139
5911,Purchasing and Supply Logistics Clerks,4,"Purchasing and Supply Logistics Clerks prepare and process orders for goods and services, monitor stock levels and supply sources and maintain stock and inventory levels, record and coordinate the flow of materials between departments, prepare production schedules, and administer and coordinate storage and distribution operations within organisations.",353
5912,Transport and Despatch Clerks,4,"Transport and Despatch Clerks verify and maintain records of incoming and outgoing goods, prepare goods for despatch, arrange clearance and collection of imported cargo from customs and bond stores, and arrange shipment of cargo for export.",240
5991,Conveyancers and Legal Executives,4,"Conveyancers and Legal Executives act for and on behalf of clients in the areas of property transfer, company and business law, trusts, wills, probate and litigation.",166
5992,Court and Legal Clerks,4,"Court and Legal Clerks provide administrative and operational support to Legal Professionals by performing clerical work associated with the functions of courts, legal practices and the administration of trusts and estates.",223
5993,Debt Collectors,4,"Debt Collectors collect consumer, commercial, insurance and other forms of debt for clients, make arrangements to settle overdue accounts, formalise payment arrangements and follow up until accounts are fully paid.",214
5994,Human Resource Clerks,4,"Human Resources Clerks maintain and update personnel records such as information on transfers and promotions, employee leave taken and accumulated, salaries, superannuation and taxation, qualifications and training.",215
5995,Inspectors and Regulatory Officers,4,Inspectors and Regulatory Officers administer and enforce government and corporate regulations and standards.,109
5996,"Insurance Investigators, Loss Adjusters and Risk Surveyors",4,"Insurance Investigators, Loss Adjusters and Risk Surveyors conduct investigations into insurance claims to ensure their validity, inspect and assess the damage and loss to insured properties and businesses, estimate insurance costs, and inspect insured properties to evaluate conditions affecting underwriting standards.",320
5997,Library Assistants,4,"Library Assistants issue, receive and shelve library items and maintain associated records.",91
5999,Other Miscellaneous Clerical and Administrative Workers,4,"Other Clerical and Administrative Workers includes occupations such as Production Assistants (Film, Television, Radio or Stage), Proof Readers, Radio Despatchers, Clinical Coders and Facilities Administrators.",209
6111,"Auctioneers, and Stock and Station Agents",4,"Auctioneers, and Stock and Station Agents sell property at auction, and advise and represent farmers in business transactions such as buying and selling livestock, rural property, and goods and services.",203
6112,Insurance Agents,4,Insurance Agents represent insurance companies in selling insurance to clients.,79
6113,Sales Representatives,4,Sales Representatives represent companies to sell their goods and business services to wholesale and retail establishments.,123
6121,Real Estate Sales Agents,4,"Real Estate Sales Agents sell, lease and manage commercial and private properties, and broker the buying and selling of businesses.",131
6211,Sales Assistants (General),4,"Sales Assistants (General) sell goods and services, such as food, clothing, hardware, household appliances, office supplies and cosmetics, in retail and wholesale establishments.",178
6212,ICT Sales Assistants,4,ICT Sales Assistants sell computing and telecommunications related goods and services in retail and wholesale establishments.,125
6213,Motor Vehicle and Vehicle Parts Salespersons,4,"Motor Vehicle and Vehicle Parts Salespersons sell motor vehicles, boats, caravans, earthmoving equipment, vehicle accessories and parts in retail and wholesale establishments.",175
6214,Pharmacy Sales Assistants,4,"Pharmacy Sales Assistants sell pharmaceutical goods, toiletries and related goods in retail pharmacies (Pharmacy Technicians are not included here, they are included in Medical Technicians).",190
6215,Retail Supervisors,4,Retail Supervisors supervise and coordinate the activities of retail sales workers.,83
6216,Service Station Attendants,4,"Service Station Attendants sell fuel, lubricants and other automotive accessories, and perform minor maintenance on motor vehicles at service stations.",151
6217,Street Vendors and Related Salespersons,4,"Street Vendors and Related Salespersons sell goods and services on established routes, door-to-door, and at street and market locations.",136
6219,Other Sales Assistants and Salespersons,4,Other Sales Assistants and Salespersons includes occupations such as Materials Recyclers and Rental Salespersons.,113
6311,Checkout Operators and Office Cashiers,4,"Checkout Operators and Office Cashiers operate cash registers and receive payments from customers, and issue receipts and return change due.",140
6391,Models and Sales Demonstrators,4,"Models and Sales Demonstrators wear and display clothing and accessories and pose for art and photography, and demonstrate goods at commercial premises, exhibitions and private homes.",183
6392,Retail and Wool Buyers,4,"Retail and Wool Buyers select and buy goods for resale in retail establishments, and value and buy wool sold by wool growers.",125
6393,Telemarketers,4,"Telemarketers telephone existing and prospective customers to promote goods and services, and obtain sales and arrange sales visits.",132
6394,Ticket Salespersons,4,"Ticket Salespersons sell tickets and make reservations for services such as travel and admission to sporting and entertainment venues, and collect fares on transport vehicles.",175
6395,Visual Merchandisers,4,"Visual Merchandisers plan and install internal, window and fixed displays to show goods to their best advantage.",112
6399,Other Sales Support Workers,4,This group includes Sales Support Workers not covered elsewhere.,64
7111,"Clay, Concrete, Glass and Stone Processing Machine Operators",4,"Clay, Concrete, Glass and Stone Processing Machine Operators operate machines to manufacture and finish a variety of clay, concrete, glassware and stone products by extruding, shaping, mixing, grinding, cutting and other processes.",231
7112,Industrial Spraypainters,4,Industrial Spraypainters operate spray painting equipment to paint and apply other industrial coatings to manufactured items (Vehicle Painters are shown separately).,165
7113,Paper and Wood Processing Machine Operators,4,"Paper and Wood Processing Machine Operators operate machines to manufacture paper packaging and other paper products, fibreboard stock, logs, plywood, particle board, solid laminate and similar timber products.",210
7114,Photographic Developers and Printers,4,"Photographic Developers and Printers edit and adjust digital images, develop photographic film, and print photographic images from digital media, negatives and positives using computer software, fully automatic equipment and by separate processes.",247
7115,Plastics and Rubber Production Machine Operators,4,Plastics and Rubber Production Machine Operators operate machines to manufacture and finish plastic and rubber products.,120
7116,Sewing Machinists,4,Sewing Machinists operate industrial sewing machines to sew and finish garments and soft furnishings such as curtains.,118
7117,Textile and Footwear Production Machine Operators,4,"Textile and Footwear Production Machine Operators operate machines to process raw hides and skins, raw textile fibres, and dye, weave and knit fibres for use in textile and footwear production.",193
7119,Other Machine Operators,4,"Other Machine Operators includes a range of occupations such as Chemical Production Machine Operators, Motion Picture Projectionists, Sand Blasters and Sterilisation Technicians.",178
7121,"Crane, Hoist and Lift Operators",4,"Crane, Hoist and Lift Operators operate stationary and mobile cranes, hoists, lifts and winches to lift, move and place materials, equipment and people in areas such as building sites, factories, mines, sawmills, wharves and shipyards.",235
7122,"Drillers, Miners and Shot Firers",4,"Drillers, Miners and Shot Firers assemble, position and operate drilling rigs and mining plant, and detonate explosives to extract materials from the earth and demolish structures.",180
7123,Engineering Production Workers,4,"Engineering Production Workers perform a range of production process tasks to refine and treat metals and mineral ore, fire ceramics, and operate plant to produce and finish metal products such as rods, tubing and structural shapes, and moulds for casting.",256
7129,Other Stationary Plant Operators,4,"Other Stationary Plant Operators includes a range of occupations such as Boiler or Engine Operators, Bulk Materials Handling Plant Operators, Cement Production Plant Operators, Concrete Batching Plant Operators, Concrete Pump Operators, Paper and Pulp Mill Operators, Railway Signal Operators, Train Controllers, Waste Water or Water Plant Operators and Weighbridge Operators.",376
7211,"Agricultural, Forestry and Horticultural Plant Operators",4,"Agricultural, Forestry and Horticultural Plant Operators operate agricultural, forestry and horticultural plant to clear and cultivate land, sow and harvest crops, and fell trees and move logs.",193
7212,Earthmoving Plant Operators,4,"Earthmoving Plant Operators operate plant to excavate earth, ore and rock, break up pavement, road, rock and obstructions, move and load earth, rock and debris, and level, smooth and compact surfaces in construction and other projects.",235
7213,Forklift Drivers,4,"Forklift Drivers operate forklifts to move bulk materials, containers, crates, palletised goods, cartons and bales.",115
7219,Other Mobile Plant Operators,4,"Other Mobile Plant Operators includes a number of occupation such as Aircraft Baggage Handlers and Airline Ground Crew, Linemarkers, Paving Plant Operators, Railway Track Plant Operators, Road Roller Operators and Streetsweeper Operators.",238
7311,Automobile Drivers,4,Automobile Drivers drive motor cars to transport passengers to destinations.,76
7312,Bus and Coach Drivers,4,Bus and Coach Drivers drive buses and coaches to transport passengers over established and special routes.,106
7313,Train and Tram Drivers,4,Train and Tram Drivers drive trains and trams to transport passengers and freight on rail networks.,99
7321,Delivery Drivers,4,Delivery Drivers drive vans and cars to deliver goods.,54
7331,Truck Drivers,4,"Truck Drivers drive heavy trucks, removal vans, tankers and tow trucks to transport bulky goods and liquids.",108
7411,Storepersons,4,"Storepersons receive, handle and despatch goods in stores and warehouses.",73
8111,Car Detailers,4,"Car Detailers wash and clean exteriors and interiors of motor vehicles, and touch up paint work, glass and upholstery to prepare them for sale or rent.",151
8112,Commercial Cleaners,4,"Commercial Cleaners clean offices, residential complexes, hospitals, schools, industrial work areas, industrial machines, construction sites and other commercial premises using heavy duty cleaning equipment.",207
8113,Domestic Cleaners,4,"Domestic Cleaners clean and tidy private dwellings such as houses, units, flats, apartments and townhouses.",107
8114,Housekeepers,4,"Housekeepers perform cleaning and housekeeping duties in hotels, motels and other commercial premises, and in private residences.",129
8115,Laundry Workers,4,"Laundry Workers sort, clean, fold, iron and package linen, clothing and other items in laundries and drycleaning establishments, and private residences.",152
8116,Other Cleaners,4,"Other Cleaners clean surfaces, materials and objects, such as carpets, windows, walls, swimming pools and cooling towers, using specialised cleaning equipment and chemicals. Carpet Cleaners and Window Cleaners are included here.",228
8211,Building and Plumbing Labourers,4,"Building and Plumbing Labourers perform a variety of routine tasks associated with erecting and repairing structures and facilities, maintaining stormwater, drainage and sewerage systems, excavating earth and clearing and levelling sites, and installing and maintaining piping systems, fixtures and water regulators.",316
8212,Concreters,4,"Concreters pour, spread, smooth and finish concrete for structures such as floors, stairs, ramps, footpaths and bridges.",120
8213,Fencers,4,Fencers erect and repair fences and gates.,42
8214,Insulation and Home Improvement Installers,4,"Insulation and Home Improvement Installers install a variety of insulation materials to improve resistance to heat, cold, air, sound and moisture, and install functional and decorative home improvements.",203
8215,Paving and Surfacing Labourers,4,"Paving and Surfacing Labourers perform routine tasks associated in laying bituminous and other paving materials on roads, runways, parking areas and other surfaces to be paved.",176
8216,Railway Track Workers,4,"Railway Track Workers lay and repair tracks for railways, tramways, quarries and mines, and install and repair signals and other equipment.",139
8217,Structural Steel Construction Workers,4,"Structural Steel Construction Workers assemble rigging gear to move and position equipment and structural components, erect scaffolding, position and secure steel reinforcing in concrete forms, and erect and dismantle structural steel frames.",242
8219,Other Construction and Mining Labourers,4,"Other Construction and Mining Labourers includes occupations such as Crane Chasers, Driller's Assistants, Laggers, Mining Support Workers and Surveyor's Assistants.",164
8311,Food and Drink Factory Workers,4,Food and Drink Factory Workers perform routine tasks in manufacturing food and beverages.,89
8312,"Meat Boners and Slicers, and Slaughterers",4,"Meat Boners and Slicers, and Slaughterers trim and cut meat from bones, sides and carcasses, and slaughter livestock in abattoirs.",130
8313,"Meat, Poultry and Seafood Process Workers",4,"Meat, Poultry and Seafood Process Workers slaughter and eviscerate poultry, and process, grade and package meat, poultry, fish and shellfish.",141
8321,Packers,4,"Packers weigh, wrap, seal and label chocolate, fruit, vegetables, meat, seafood and other products.",99
8322,Product Assemblers,4,"Product Assemblers put together components and subassemblies that go into the production of metal products, electrical and electronic equipment, jewellery and precious metal articles, and joinery products.",205
8391,Metal Engineering Process Workers,4,Metal Engineering Process Workers perform routine tasks in manufacturing metal products.,88
8392,Plastics and Rubber Factory Workers,4,Plastics and Rubber Factory Workers perform routine tasks in manufacturing plastic and rubber products.,103
8393,Product Quality Controllers,4,Product Quality Controllers examine manufactured products and primary produce to ensure conformity to specifications and standards of presentation and quality.,159
8394,Timber and Wood Process Workers,4,"Timber and Wood Process Workers perform routine tasks in paper and pulp mills, sawmills, timber yards, and wood processing and timber products factories.",153
8399,Other Factory Process Workers,4,"Other Factory Process Workers includes a number of occupations such as Cement and Concrete Plant Workers, Chemical Plant Workers, Clay Processing Factory Workers, Fabric and Textile Factory Workers, Footwear Factory Workers, Glass Processing Workers, Hide and Skin Processing Workers and Recycling Workers.",306
8411,Aquaculture Workers,4,Aquaculture Workers perform routine tasks in breeding and raising fish and other aquatic stock.,95
8412,Crop Farm Workers,4,"Crop Farm Workers perform routine tasks in producing crops such as fruit, nuts, grains, vegetables and mushrooms.",113
8413,Forestry and Logging Workers,4,"Forestry and Logging Workers perform routine tasks associated in cultivating and maintaining natural and plantation forests, and logging, felling and sawing trees. Tree Surgeons not included here, they are included under Gardeners.",231
8414,Garden and Nursery Labourers,4,"Garden and Nursery Labourers perform a variety of routine tasks in propagating, cultivating and maintaining plants in gardens and horticultural nurseries.",154
8415,Livestock Farm Workers,4,"Livestock Farm Workers perform routine tasks in livestock, egg and wool production.",83
8416,Mixed Crop and Livestock Farm Workers,4,Mixed Crop and Livestock Farm Workers perform routine tasks in crop cultivation and animal production.,102
8419,"Other Farm, Forestry and Garden Workers",4,"Other Farm, Forestry and Garden Workers includes a range of occupations such as Hunter-Trappers and Pest Controllers.",117
8511,Fast Food Cooks,4,Fast Food Cooks prepare a restricted range of foods in fast food establishments.,80
8512,Food Trades Assistants,4,"Food Trades Assistants assist Food Trades Workers by performing routine food preparation, cleaning and storage tasks.",117
8513,Kitchenhands,4,"Kitchenhands assist kitchen and service staff in preparing and serving food, and clean food preparation and service areas.",122
8911,Freight and Furniture Handlers,4,"Freight and Furniture Handlers load and unload trucks, containers and rail cars, and transfer cargo between ships and other forms of transport and storage facilities.",166
8912,Shelf Fillers,4,Shelf Fillers fill up shelves and display areas in stores and supermarkets.,75
8991,Caretakers,4,"Caretakers maintain and clean residential buildings, schools, offices, holiday camps, caravan parks and associated grounds.",123
8992,Deck and Fishing Hands,4,"Deck and Fishing Hands maintain ships' equipment and structures, and catch fish, crustacea and molluscs.",104
8993,Handypersons,4,"Handypersons clean, paint, repair and maintain buildings, grounds and facilities.",81
8994,Motor Vehicle Parts and Accessories Fitters,4,Motor Vehicle Parts and Accessories Fitters fit and replace parts and accessories on motor vehicles.,100
8995,Printing Assistants and Table Workers,4,"Printing Assistants and Table Workers perform routine printing tasks, operate bindery machines and perform manual binding and finishing of books and printed products.",166
8996,Recycling and Rubbish Collectors,4,"Recycling and Rubbish Collectors collect household, commercial and industrial waste for recycling and disposal.",111
8997,Vending Machine Attendants,4,Vending Machine Attendants stock and maintain vending and amusement machines and collect money from coin boxes.,111
8999,Other Miscellaneous Labourers,4,"Other Labourers includes a wide variety of occupations such as Bicycle Mechanics, Car Park Attendants, Crossing Supervisors, Electrical or Telecommunications Trades Assistants, Leaflet or Newspaper Deliverers, Mechanic's Assistants, Railways Assistants, Sign Erectors, Ticket Collectors or Ushers, Trolley Collectors and Road Traffic Controllers.",346
